"Title","Addr","Price","Description","services","Rank","href","pos"
"My 灶","中山區松江路100巷9之1號,Taipei,104,臺北／臺中","500-1,000TWD•臺灣菜","餐廳名取「賣走(別走)」的諧音，有留住客人之意。裝潢以五六十年代街景為藍本，在懷舊路燈的映照下，恍似進入時光隧道，回到半世紀前的臺灣。廚師選用的均為上等食材，且標榜不過度調味，以呈現食材原味。菜單頗精簡，廚師會將每天精選寫於白板上。滷肉飯、炸軟絲丸拼小二雞卷和滷豬腳都值得一試。","'Takeaway_:_只接受現金_E_無煙餐廳_T_空調","=_必比登推介：具品質且經濟實惠的美食_ò_頗舒適","https://guide.michelin.com/tw/zh_TW/taipei-region/taipei/restaurant/my-tsao","[""25.05104"",""121.531726""]"
"想想廚房","中山區松江路69巷13號,Taipei,104,臺北／臺中","1,000-1,200TWD•印度菜","簡樸的灰色牆壁和地板、線條俐落的木製桌椅，輕鬆的氛圍與一般印度餐廳大相逕庭。餐廳提供以海鮮為主的南印度料理。主廚曾於十多個國家工作，認為香料醬汁是菜色關鍵，故堅持親自調配，為每種食材搭配不同配方；除了仰賴家傳秘方，更憑藉自身敏銳的味覺和嗅覺。不少食材由農場直送，亦自行種植香草。餐廳設有最低消費。","'JCB_X_Visa_M_大來卡(DinersClub)_接受信用卡","‹_米其林餐盤：供應美味菜餚的餐廳_ò_頗舒適","https://guide.michelin.com/tw/zh_TW/taipei-region/taipei/restaurant/joseph-bistro","[""25.049459"",""121.534379""]"
"渥達尼斯磨坊","中山區建國北路一段61號(慕舍酒店),Taipei,10491,臺北／臺中","2,580-3,980TWD•時尚歐陸菜","西班牙El Molino de Urdániz 首間海外分店，由兩位於本店受訓的主廚共同領軍，並延續本店風格，以嚐味菜單帶領饕客上山下海。建議晚間光臨，十二道菜色交替穿插呈現陸上與海洋的食材滋味，並融入日式元素和新鮮香草，道道精巧細膩。甜點之後，每天更有不同的隱藏版甜點，為饗宴寫上完美句點。","'JCB_X_Visa_中國銀聯_K_代客泊車","m_一星：優質烹調，不妨一試！_ó_舒適","https://guide.michelin.com/tw/zh_TW/taipei-region/taipei/restaurant/molino-de-urdaniz","[""25.05053"",""121.53698""]"
"阿城鵝肉 (中山)","中山區吉林路105號,Taipei,104,臺北／臺中","200-500TWD•臺灣菜","提起鵝肉餐廳，阿城總是榜上有名。土城總店已經營二十餘年，此分店於2010年開業，是上班族或小家庭用餐的熱門地點。鵝肉選用重四至五斤的雲林鵝，有白斬及煙燻兩種口味，煙燻為招牌之選，推薦口感較嫩的後半段鵝腿肉。此外，魯鵝胗及杏鮑菇香腸也不能錯過；韭菜下水、麻辣血和黃金筍風味絕佳。","'Takeaway_X_Visa_f_室外停車場_接受信用卡","=_必比登推介：具品質且經濟實惠的美食_ò_頗舒適","https://guide.michelin.com/tw/zh_TW/taipei-region/taipei/restaurant/a-cheng-goose-zhongshan","[""25.05645"",""121.53022""]"
"田園海鮮","中山區八德路二段174巷5號,Taipei,104,臺北／臺中","600-1,500TWD•海鮮","占地四層的田園建立最初為路邊攤販，至今已由第三代接棒，並成為擁有十多間大大小小包廂的熱門聚餐場所。海鮮每日由澎湖及基隆運抵，店內不設菜單，食客需到海鮮檯上挑選當日時令海鮮，資深的點菜大姊會按人數及食材建議料理方式。必點菜餚包括紅糟鰻及龍蝦三明治。","'Takeaway_X_Visa_接受信用卡_E_無煙餐廳","‹_米其林餐盤：供應美味菜餚的餐廳_ò_頗舒適","https://guide.michelin.com/tw/zh_TW/taipei-region/taipei/restaurant/tien-yuan-seafood","[""25.045956"",""121.53831""]"
"山秋","中山區中山北路一段83巷38號,Taipei,臺北／臺中","2,500-5,000TWD•壽司","料理長具有十多年經驗，曾於大阪修業，返臺後以父母之名開店，並以銀杏葉作標誌，象徵秋意。用餐環境優雅，松木板前座位前擺放了清水燒、有田燒等精緻日式器皿，展現對細節的堅持。壽司以大阪風格為主，使用北海道七星米與特調紅醋，魚料講究新鮮，不強調熟成，並搭配昆布鹽、柿乾、梅子醬等時令素材，甚具風味。","'X_Visa_”_吧檯式_接受信用卡_E_無煙餐廳","‹_米其林餐盤：供應美味菜餚的餐廳_ò_頗舒適","https://guide.michelin.com/tw/zh_TW/taipei-region/taipei/restaurant/shan-chiu","[""25.04983"",""121.52471""]"
"鮨隆","中山區新生北路二段60之5號,Taipei,104,臺北／臺中","3,000-7,000TWD•壽司","壽司吧檯以數百年加拿大木材製造，一室淡雅，是傳統壽司店風格。餐廳2017年才開業，可主廚兼老闆有穩紮經驗，師從日本師傅，曾先後效力城中多家知名壽司店近三十年。選料嚴謹，米飯以北海道七星米及三種日本醋混合而成，且每週多次從日本各地進口新鮮海產。只供應無菜單料理，其中秋冬供應的鮟鱇魚肝壽司是廚師拿手之作。","'Takeaway_X_Visa_”_吧檯式_接受信用卡","m_一星：優質烹調，不妨一試！_ò_頗舒適","https://guide.michelin.com/tw/zh_TW/taipei-region/taipei/restaurant/sushi-ryu","[""25.055813"",""121.527278""]"
"雞家莊 (長春路)","中山區長春路55號,Taipei,104,臺北／臺中","600-800TWD•臺灣菜","雞家莊除了深受遊客青睞，亦甚得上班族歡心。原為雞販的老闆對雞隻素有研究，嚴選五至六個月大、未生過蛋的雞隻做菜，取其皮細肉嫩。想多嚐幾種風味可點選三味雞，包括了烏骨雞、白斬雞及燻雞；此外，以嫩豆腐及雞丁調製的雞家豆腐亦是廚師得意之作；餐後的雞蛋布丁也是顧客再訪之因。","'Takeaway_X_Visa_中國銀聯_K_代客泊車","‹_米其林餐盤：供應美味菜餚的餐廳_ò_頗舒適","https://guide.michelin.com/tw/zh_TW/taipei-region/taipei/restaurant/chi-chia-chuang-changchun-road","[""25.055052"",""121.526092""]"
"Anima","中山區中原街40號,Taipei,104,臺北／臺中","1,780-2,880TWD•時尚歐陸菜","義籍主廚曾於多個國家工作，其料理融合歐陸和日本技法，溫和細膩。來到臺灣，他決定採用在地食材，並根據當天的採買品項規劃菜單。其中一道菜糅合了馬鈴薯和地瓜葉這兩種常見食材，迸發出新滋味。主廚也擅於呈現臺灣牛軟嫩可口的一面。套餐有七至八道菜，價格實惠，加上環境舒適，深受年輕顧客喜愛。","':_只接受現金_”_吧檯式_E_無煙餐廳_T_空調","‹_米其林餐盤：供應美味菜餚的餐廳_ò_頗舒適","https://guide.michelin.com/tw/zh_TW/taipei-region/taipei/restaurant/anima-1188037","[""25.05753"",""121.52879""]"
"Impromptu by Paul Lee","中山區中山北路二段39巷3號B1(晶華酒店),Taipei,104,臺北／臺中","2,800TWD•創新菜","霧面玻璃門後是開放式廚房和吧檯座位，在這可一覽廚房團隊的精妙合作。僅設一個逾十道菜的嚐味菜單，主廚盼顧客能以開放舒適的心情用餐，享受他以在地食材、不受料理方式所限呈現的臺灣風味，故只會在用餐完畢才將菜單交到食客手上。菜色不定期更換，若幸運將能嚐到主廚引以為傲的自製乾拌麵。","'JCB_X_Visa_中國銀聯_K_代客泊車","m_一星：優質烹調，不妨一試！_ò_頗舒適","https://guide.michelin.com/tw/zh_TW/taipei-region/taipei/restaurant/impromptu-by-paul-lee","[""25.054178"",""121.524244""]"
"Robin's 鐵板燒","中山區中山北路二段39巷3號2樓(晶華酒店),Taipei,104,臺北／臺中","2,250-5,900TWD•鐵板燒","餐廳以已故資深外場人員命名，老饕皆熟知這家鐵板燒的所在。套餐選擇琳瑯滿目，當中不乏美國頂級牛排，還有日本與澳洲和牛。於席前為客人烹調的廚師均經驗豐富，對於食材的料理時間，以至客人的用餐節奏均了然於胸。肉類以外，海鮮的處理也甚具水準。嗜杯中物者會對其酒單感到稱心。","'Discovercard_JCB_Maestro_X_Visa","‹_米其林餐盤：供應美味菜餚的餐廳_ó_舒適","https://guide.michelin.com/tw/zh_TW/taipei-region/taipei/restaurant/robin-s-teppanyaki","[""25.054231"",""121.524194""]"
"晶華軒","中山區中山北路二段39巷3號3樓(晶華酒店),Taipei,104,臺北／臺中","1,200-5,280TWD•粵菜","入口處是一條長長的書法走廊，鐵畫銀鉤的草書字體刻滿玻璃，感覺優雅而傳統。主廚及點心師傅均來自香港，餐廳專精於粵式佳餚。西施泡飯為主廚拿手好菜，招牌蜜汁叉燒亦是熱門菜色。另外，點心滋味出眾，建議一嚐晶瑩蝦餃和紅裳脆皮蝦腸粉。如果想享有私人空間，不妨預訂包廂。","'Discovercard_JCB_Maestro_Takeaway","‹_米其林餐盤：供應美味菜餚的餐廳_ó_舒適","https://guide.michelin.com/tw/zh_TW/taipei-region/taipei/restaurant/silks-house","[""25.054231"",""121.524194""]"
"阜杭豆漿","中正區忠孝東路一段108號2樓28號(華山市場),Taipei,100,臺北／臺中","30-100TWD•點心","這中式早餐店藏匿於華山市場二樓，即便不設座位依然門庭若市，吸引顧客排隊久候的是燒餅、油條與飯糰夾蛋等點心，招牌厚燒餅油條於店內以窯烤爐新鮮現做，是必點品項；鹹豆漿也值得一嚐。顧客可至公共座位區享用或外帶，僅營業至中午，建議饕客們提早前來。","'Takeaway_不設訂位_:_只接受現金_E_無煙餐廳","=_必比登推介：具品質且經濟實惠的美食_2_小店","https://guide.michelin.com/tw/zh_TW/taipei-region/taipei/restaurant/fu-hang-soy-milk","[""25.044142"",""121.524815""]"
"茂園","中山區長安東路二段185號,Taipei,104,臺北／臺中","600-1,000TWD•臺灣菜","自1971年開業的茂園現由第二代掌舵，工作人員均是服務多年的老臣子。兩層高的餐廳適合不同大小宴席。友善的服務生會把客人帶至海鮮冰櫃前，細心介紹招牌菜及當日的時令海鮮，並因應用餐人數建議合適份量，好讓客人多嚐幾道菜。蒜泥鮮蚵和鹽冬瓜蒸時令魚等都是馳名菜色，白斬雞也值得一試。","'Takeaway_:_只接受現金_E_無煙餐廳_{_私人廂房","=_必比登推介：具品質且經濟實惠的美食_ò_頗舒適","https://guide.michelin.com/tw/zh_TW/taipei-region/taipei/restaurant/mao-yuan","[""25.048409"",""121.542622""]"
"笹鮨","中山區中山北路二段42巷6號,Taipei,104,臺北／臺中","2,000-8,000TWD•壽司","餐廳環境各項細節盡顯老闆心思，不論是椅子的高度、腳踏的寬度、或桌子的深度均經過精心計算，為求顧客用餐時舒適自在。食材主要自日本豐洲市場進口，並按種類施以不同的熟成和處理，例如鮪魚肚經櫻花木燻製，生筋子經去膜和醃製。餐廳定期邀請日本廚師作客，以提升員工技術。","'X_Visa_”_吧檯式_接受信用卡_E_無煙餐廳","‹_米其林餐盤：供應美味菜餚的餐廳_ò_頗舒適(上佳)","https://guide.michelin.com/tw/zh_TW/taipei-region/taipei/restaurant/sasa","[""25.054823"",""121.522377""]"
"北平陶然亭","松山區復興北路86號2樓,Taipei,104,臺北／臺中","500-1,000TWD•京菜","經營半世紀，陶然亭堅持製作傳統而富自家特色的烤鴨，採用來自宜蘭、不施打抗生素的紅面番鴨，這種鴨較櫻桃鴨多養一百天，肉質肥嫩。每日送抵的鴨會風乾一天才送入專用炭爐燻烤，皮薄香脆，除了配以鮮擀餅皮享用，更可一鴨多吃。烤鴨以外，現包現煎的蘿蔔絲餅飽滿多汁，值得一試。","'Takeaway_X_Visa_接受信用卡_E_無煙餐廳","=_必比登推介：具品質且經濟實惠的美食_ò_頗舒適","https://guide.michelin.com/tw/zh_TW/taipei-region/taipei/restaurant/tao-luan-ting-roast-peking-duck-palace","[""25.051288"",""121.543761""]"
"Yoru","中山區八德路二段332巷16號,Taipei,104,臺北／臺中","4,350-4,950TWD•時尚歐陸菜","日文Yoru是指「夜晚」，寓意大家能在這裡享受美好的晚上。因此，儘管裝潢走極簡風格，但服務熱情溫暖，令人愜意。全餐廳僅設板前座位，配合西式手法和日式窯燒，炮製出多款特色料理。提供單一套餐，以日本和牛作主菜食材，其他菜色則按當季時令變化，其中厚切牛舌深受好評。但必須提前訂位。","'JCB_X_Visa_”_吧檯式_f_室外停車場","‹_米其林餐盤：供應美味菜餚的餐廳_ò_頗舒適","https://guide.michelin.com/tw/zh_TW/taipei-region/taipei/restaurant/yoru","[""25.046652"",""121.543252""]"
"國賓川菜廳","中山區中山北路二段63號12樓,Taipei,104,臺北／臺中","1,000-2,500TWD•川菜","開業至今逾五十載，在2019年重新裝潢，其挑高設計、柔亮色調和精緻的餐具，令環境更典雅舒適。廚師團隊多次赴四川考察，確保菜餚貼近當地風味。其中貢椒鮑魚以南非鮑魚佐以古代視為貢品的四川花椒烹調，味道極麻，餘韻在舌尖散開，滋味難以忘懷。菜單上標示了辣菜餚的辛辣程度供顧客考量，十分貼心。","'JCB_Takeaway_X_Visa_e_上佳景觀","‹_米其林餐盤：供應美味菜餚的餐廳_ó_舒適","https://guide.michelin.com/tw/zh_TW/taipei-region/taipei/restaurant/ambassador-szechuan-court","[""25.056597"",""121.523039""]"
"國賓粵菜廳","中山區中山北路二段63號2樓,Taipei,104,臺北／臺中","800-2,600TWD•粵菜","整齊有致的茶壺一列列掛在牆上，既有趣又不失中國味道，樸實中顯心思。顧名思義，餐廳以粵菜為主，技巧扎實不花巧，菜單上羅列的品項眾多，包括招牌菜花膠濃湯煲土雞和花雕雞油蒸龍蝦。點心亦是叫好之作，由經驗豐富的點心廚師負責，不僅於早午餐時段應市，連晚間時段亦有供應。","'JCB_Takeaway_X_Visa_中國銀聯","‹_米其林餐盤：供應美味菜餚的餐廳_ó_舒適","https://guide.michelin.com/tw/zh_TW/taipei-region/taipei/restaurant/ambassador-canton-court","[""25.056597"",""121.523039""]"
"旬採 (中山)","中山區中山北路二段50巷3號,Taipei,104,臺北／臺中","2,000-6,600TWD•日本菜","室內設計由日本人操刀，採用加拿大雲杉木餐桌搭配硅藻土牆身，簡潔自然。大部分食材由日本各地進口，包括製作壽司飯的米，海產則多來自豐洲市場，主廚喜以時令食材入饌，幸運的話有機會嚐到活生生的香箱蟹。無菜單料理中的熱食比例較高，如偏愛生食或欲全選握壽司，便需於訂位時告知店家。","'X_Visa_”_吧檯式_接受信用卡_E_無煙餐廳","‹_米其林餐盤：供應美味菜餚的餐廳_ò_頗舒適","https://guide.michelin.com/tw/zh_TW/taipei-region/taipei/restaurant/shun-sai-zhongshan","[""25.056193"",""121.522655""]"
"A Cut","中山區中山北路二段63號B1,Taipei,104,臺北／臺中","1,200-7,600TWD•牛排屋","位處經典飯店地下一樓，名字上的A字寓意優質的食品與服務，也貼切地道出真實用餐體驗。鋪上藍綠色眩彩地氈的大廳舒適優雅，餐廳選用美國與澳洲為主的上等牛肉，其中推薦屬肋眼芯部位的A Cut牛排，在富有經驗的主廚處理下，軟嫩且肉香淋漓，令人口齒留香。前菜與甜點每季更換，讓常客每次光臨都有不同享受。","'JCB_Takeaway_X_Visa_中國銀聯","m_一星：優質烹調，不妨一試！_ô_十分舒適","https://guide.michelin.com/tw/zh_TW/taipei-region/taipei/restaurant/a-cut","[""25.05666"",""121.52288""]"
"鈺善閣","中正區北平東路14號,Taipei,100,臺北／臺中","1,298-4,998TWD•素食","此素食懷石料理餐廳經營逾十五年，提倡五感合一與平衡，店內以自然景物營造出具禪意美感的空間。菜色均以花材裝飾，擺盤賞心悅目；強調不過度烹調與調味，蔬食的原始風味得以呈現。其中胡汁猴排以黑胡椒醬燉煮猴頭菇，多汁而具彈性，別要錯過。供應含九道菜的個人套餐，尤為推薦「鈺善」及「鈺鼎」。","'X_Visa_中國銀聯_K_代客泊車_û_供應素食菜單","‹_米其林餐盤：供應美味菜餚的餐廳_ò_頗舒適","https://guide.michelin.com/tw/zh_TW/taipei-region/taipei/restaurant/yu-shan-ge","[""25.04692"",""121.52119""]"
"辰園","中正區忠孝東路一段12號B1(喜來登大飯店),Taipei,100,臺北／臺中","1,200-3,380TWD•粵菜","選址地下一樓無減餐廳的吸引力，深棕色木屏風配以同色系的牆身，拼合出帶中國色彩的餐室，傳統中不失時尚，寬敞的環境加上舒適的靠背椅更適合宴客和商務聚餐。菜色由多位擅長廣東菜的廚師負責，叫好之作眾多，包括須預訂的脆皮先知鴨、限量供應的廣式片皮鴨、脆皮叉燒和金瑤炒龍筋，難怪總是座無虛席。","'Discovercard_JCB_Takeaway_X_Visa","‹_米其林餐盤：供應美味菜餚的餐廳_ó_舒適","https://guide.michelin.com/tw/zh_TW/taipei-region/taipei/restaurant/the-dragon","[""25.044601"",""121.521862""]"
"請客樓","中正區忠孝東路一段12號17樓(喜來登大飯店),Taipei,100,臺北／臺中","1,200-4,280TWD•淮揚菜,川菜","請客樓昔日以俱樂部形式經營，樸實的布置反而更能讓食客把焦點放在各款佳餚之上。其手工菜口碑甚佳，廚師擅於將簡單的菜色精緻地呈現，質感及味道均十分出色，特別推薦核桃棗煎餅。以川揚菜為基礎的菜色融合臺灣味道，包括香濃燉湯、麻油雞飯、紅麴豬尾、千層百頁豆腐等。設多間供宴客的包廂。","'Discovercard_JCB_Takeaway_X_Visa","n_二星：烹調出色，不容錯過！_ó_舒適","https://guide.michelin.com/tw/zh_TW/taipei-region/taipei/restaurant/the-guest-house","[""25.044601"",""121.521862""]"
"祥和蔬食","中正區鎮江街1巷1號,Taipei,100,臺北／臺中","200-1,000TWD•素食","這是全臺首家四川風味的素菜餐廳，半露天的格局令室內明亮寬敞，牆壁綴以來自各地的佛教壁畫，環境更添祥和。所有菜色均不含蔥蒜，其中塔香脆腸赫赫有名，是一道以杏鮑菇作主食材的功夫菜，其他特色菜還有清蒸臭豆腐、鹽酥杏鮑菇、宮保素雞丁等。由天麻等中藥材熬製的養生鍋與佛跳牆須經長時間燉煮，建議於兩天前預訂。","'Takeaway_:_只接受現金_E_無煙餐廳_{_私人廂房","=_必比登推介：具品質且經濟實惠的美食_ò_頗舒適","https://guide.michelin.com/tw/zh_TW/taipei-region/taipei/restaurant/serenity","[""25.044366"",""121.521854""]"
"雙月食品 (青島東路)","中正區青島東路6之2號,Taipei,100,臺北／臺中","300-500TWD•臺灣菜","雙月寓意雙雙對對、團圓圓滿，正好配合其古早味藥膳。老闆採用上等食材，並按媽媽的傳統配方烹調。其中招牌雞湯先將湯熬好，再將每早新鮮運到的溫體仿土雞放入烹煮，以保持雞肉嫩滑；何首烏燉雞為另一熱選，所用中藥均從產地直接取得，品質上乘。雙月油飯通常很早售罄，得早點到埗方能品嚐。","'Takeaway_不設訂位_:_只接受現金_E_無煙餐廳","=_必比登推介：具品質且經濟實惠的美食_ò_頗舒適","https://guide.michelin.com/tw/zh_TW/taipei-region/taipei/restaurant/shuang-yue-food","[""25.043659"",""121.522054""]"
"山海樓","中正區仁愛路二段94號,Taipei,100,臺北／臺中","980-4,680TWD•臺灣菜","推開厚沉的大門，氣勢非凡的大堂彷彿把時光拉回1930年，師承蓬萊閣老師傅的主廚復原當年的傳統臺菜菜色，並將其精緻化。熱門的金銀燒豬採用養殖二十一天的乳豬，低溫烘烤十二小時後再高溫烤至外皮酥脆，並佐以四種醬料享用；肚包雞則把餡料塞入土雞，再以豬肚包覆燉煮。菜餚多屬手工菜，建議先從網頁查看預訂菜色。","'JCB_Takeaway_X_Visa_中國銀聯","m_一星：優質烹調，不妨一試！_米其林綠星:美食與永續_ó_舒適","https://guide.michelin.com/tw/zh_TW/taipei-region/taipei/restaurant/mountain-and-sea-house","[""25.038095"",""121.531435""]"
"人和園","中山區錦州街16號,Taipei,104,臺北／臺中","400-800TWD•滇菜","人和園自1956年創立，祖籍雲南的老闆娘每年都會帶員工回鄉考察，以確保菜餚符合滇菜精髓。在此可嚐到多款手工考究的菜色，推薦選用本地黑毛豬的大薄片，採豬頰肉川燙、冷凍再切片而成；雞油豌豆也是必點，豌豆每天購入並由員工親手揀選，配上以老母雞與大骨熬製一天的高湯，湯頭清澈，豌豆清甜脆口；豇豆鑲百花和須預訂的汽鍋雞均值得一試。","'Takeaway_:_只接受現金_E_無煙餐廳_{_私人廂房","=_必比登推介：具品質且經濟實惠的美食_ò_頗舒適","https://guide.michelin.com/tw/zh_TW/taipei-region/taipei/restaurant/jen-ho-yuan","[""25.060242"",""121.523999""]"
"天香樓","中山區民權東路二段41號B1(亞都麗緻大飯店）,Taipei,104,臺北／臺中","2,000-8,800TWD•杭州菜","餐室以金屬屏風仿楊柳、湖影，營造杭州風情。食物與裝潢相映成趣，完美呈現出杭州菜重手工的特點，宋嫂魚羹、天香東坡肉、龍井蝦仁均非常出色。主廚亦會選用在地食材，創造出別具特色的獨門菜，例如糅合經典菜色火朣神仙鴨和魚丸湯特色的神仙鴨魚丸湯。此外亦設有侍茶師，提供以茶配餐的最佳建議。","'JCB_Takeaway_X_Visa_中國銀聯","m_一星：優質烹調，不妨一試！_ó_舒適","https://guide.michelin.com/tw/zh_TW/taipei-region/taipei/restaurant/tien-hsiang-lo","[""25.062841"",""121.529965""]"
"巴黎廳1930x高山英紀","中山區民權東路二段41號2樓(亞都麗緻大飯店),Taipei,10470,臺北／臺中","2,000-4,800TWD•時尚法國菜","環境典雅奢華，無論是吊燈、名貴餐具還是精心設計的桌布，都一絲不苟，適合正式宴會。日籍主廚融合了日本美學及法式烹調技巧，並使用臺灣茶品與食材，創造出令人驚豔的美食，例如野菇清湯燉蛋運用了普洱茶，口味清新。套餐內包含多款海鮮菜色，而蔬果千層及甜點福岡八女抹茶奶油千層皆是主廚的得意之作。","'JCB_X_Visa_中國銀聯_K_代客泊車","‹_米其林餐盤：供應美味菜餚的餐廳_ô_十分舒適(上佳)","https://guide.michelin.com/tw/zh_TW/taipei-region/taipei/restaurant/paris-1930-de-hideki-takayama","[""25.0628"",""121.52997""]"
"Holt","松山區民生東路三段113巷6弄11號,Taipei,臺北／臺中","1,700-2,580TWD•創新菜","簇新小巧的餐廳，採用極簡設計，以落地玻璃、核桃木色桌椅、簡約掛畫，搭配不鏽鋼開放式廚房，營造出潔淨明亮的感覺。晚間的八道菜菜單，以創新風格為主軸，並不定期更替內容。加拿大籍主廚喜愛臺灣，發揮創意把唾手可得的在地食材，以突破常規的方式呈現，譬如糅合了豆豉和巧克力的甜點，非常值得一試。","'JCB_X_Visa_中國銀聯_M_大來卡(DinersClub)","‹_米其林餐盤：供應美味菜餚的餐廳_ò_頗舒適","https://guide.michelin.com/tw/zh_TW/taipei-region/taipei/restaurant/holt-1193712","[""25.05908"",""121.5436""]"
"泰姬","大安區市民大道四段48巷1號,Taipei,106,臺北／臺中","500-800TWD•印度菜","裝潢用色大膽，使用印度裝飾品、花布與大象圖案作點綴，加上印度音樂，充滿異國風情。餐廳所用的香料甚至廚師團隊，也是老闆在當地物色回來。食物方面，以北印菜為主，並獲得官方的清真認證。招牌菜包括泰姬火紅乳酸碳烤雞、黑扁豆咖哩，別忘了點上一客麥香四溢的全麥碳烤餅佐餐，加倍滿足。","'Takeaway_X_Visa_接受信用卡_E_無煙餐廳","=_必比登推介：具品質且經濟實惠的美食_ò_頗舒適","https://guide.michelin.com/tw/zh_TW/taipei-region/taipei/restaurant/taj","[""25.0447331"",""121.5458616""]"
"明福台菜海產","中山區中山北路二段137巷18之1號,Taipei,104,臺北／臺中","1,500-2,000TWD•臺灣菜","來到明福，一定會被餐廳熱絡的氣氛感染。這裡主要提供家常臺灣菜，份量適合和親朋好友分享，尤其是須預訂的招牌菜一品佛跳牆，其用料與傳統有別，以松茸、銀杏、鮑魚等食材取代炸排骨酥和芋頭，湯頭呈清澈琥珀色且滋味鮮甜。此外，野菜山蘇與烏魚腱料理都是熱門菜色。但座位有限，建議訂位。","':_只接受現金_E_無煙餐廳_T_空調_需訂位","m_一星：優質烹調，不妨一試！_ò_頗舒適","https://guide.michelin.com/tw/zh_TW/taipei-region/taipei/restaurant/ming-fu","[""25.061628"",""121.524176""]"
"林家蔬菜羊肉爐","中山區吉林路327號,Taipei,104,臺北／臺中","1,000-1,200TWD•火鍋","怕了羊肉的羶味嗎？這餐館的蔬菜羊肉爐可能會合你心意。店家選用本地溫體現宰太監羊，每個羊肉爐都含有半斤帶皮羊肉和半斤蔬菜，湯底則以貝類與羊骨熬成，加上各式蔬菜、枸杞和薑絲，湯清味醇全無羶味，尤合滋補身心。別忘了多點一份生羊肉片。此外，其他羊肉料理如滷羊腳、炒刈菜羊肉等也值得一嚐。","'Takeaway_不設訂位_K_代客泊車_:_只接受現金","‹_米其林餐盤：供應美味菜餚的餐廳_ò_頗舒適","https://guide.michelin.com/tw/zh_TW/taipei-region/taipei/restaurant/lin-s-vegetable-lamb-hotpot","[""25.063854"",""121.530475""]"
"雅意","大同區承德路一段3號6樓(君品飯店),Taipei,臺北／臺中","1,680-3,080TWD•義大利菜","由飯店與義籍主廚Massimiliano Musso合作的餐廳，環境幽暗，飾以眾多雕塑與畫作，低調但不失華麗。整體氛圍如同其中文名字：高雅並帶有藝術意涵。以皮埃蒙特菜色為主軸，把主廚祖母的菜單，融合在地食材，構思大膽、充滿創意。配有大型玻璃酒窖，當中大部分是義大利佳釀，產區多元，不妨請侍酒師介紹。","'JCB_X_Visa_中國銀聯_N_供應優質餐酒","‹_米其林餐盤：供應美味菜餚的餐廳_ó_舒適","https://guide.michelin.com/tw/zh_TW/taipei-region/taipei/restaurant/artbrosia","[""25.05108"",""121.51716""]"
"頤宮","大同區承德路一段3號17樓(君品酒店),Taipei,103,臺北／臺中","2,000-5,000TWD•粵菜","環境雅致舒適，不論是瓷器和仿古書畫，還是餐墊上對應時令的詩詞，處處展現古典氛圍。來自澳門的陳師傅精心鑽研廣東菜色，代表作包括先知鴨、火焰片皮鴨，以及烹調手法繁複的古法冬瓜帽，深受食客歡迎，須於兩日前預訂。此外，金銀蛋蒜香莧菜餃賣相精巧，滋味細膩，十分適合作為前菜，開啟這場精彩饗宴。","'JCB_Takeaway_X_Visa_中國銀聯","o_三星：卓越的烹調，值得專程到訪。_ó_舒適","https://guide.michelin.com/tw/zh_TW/taipei-region/taipei/restaurant/le-palais","[""25.049071"",""121.51696""]"
"阿國切仔麵","中山區錦西街20號,Taipei,104,臺北／臺中","100-300TWD•麵食","於2019年重返第一代的舊址經營，繼續提供樸實家常的老滋味。老闆將一隻隻盛有油麵的笊篱陸續放於熱水中快速擺動，燙熟的麵條轉眼置身於以大骨和排骨熬煮半天的湯頭中，上放綠豆芽和自製油蔥酥，一碗古早切仔麵就此誕生，湯鮮味醇，別要錯過。也不妨配上一碟外酥內嫩的炸紅燒肉或每天現滷的滷蹄膀。","'Takeaway_不設訂位_:_只接受現金_E_無煙餐廳","=_必比登推介：具品質且經濟實惠的美食_2_小店","https://guide.michelin.com/tw/zh_TW/taipei-region/taipei/restaurant/a-kuo-noodles-1190377","[""25.0602324"",""121.5211045""]"
"沐目","大安區敦化南路一段190巷54號,Taipei,臺北／臺中","1,980-2,500TWD•創新菜","經過佈滿花藝裝飾的長廊，走進餐室之後，會被翠綠色調、悠閒舒適的環境包圍，讓人放鬆心情享用美食。由新加坡主廚規劃一系列九或十二道菜的體驗菜單，其韓裔妻子則負責雞尾酒搭配。菜單環繞亞洲風格，運用大家熟悉的元素，重新闡述成富創意的菜色。餐後可到吧枱淺嚐創意調酒，當中不乏得奬之作。","'X_Visa_”_吧檯式_接受信用卡_E_無煙餐廳","‹_米其林餐盤：供應美味菜餚的餐廳_ò_頗舒適(上佳)","https://guide.michelin.com/tw/zh_TW/taipei-region/taipei/restaurant/mu","[""25.0426564"",""121.546276""]"
"日本橋玉井","松山區復興北路313巷23號,Taipei,105,臺北／臺中","320-1,690TWD•日本菜","日本橋玉井主打以星鰻為主的料理，選用與臺灣一般使用品種不同的野生星鰻，且全由日本冷凍進口。餐廳製作的菜色主要分為滷煮及香烤兩大類，即作壽司之用或香烤。其中穴子西京燒是將鰻魚用京都味噌醃製至少一晚再作香烤，製作用心。穴子握壽司則是餐廳推薦菜色，另外烤起司穴子也值得一試。","'JCB_Takeaway_X_Visa_中國銀聯","‹_米其林餐盤：供應美味菜餚的餐廳_ó_舒適","https://guide.michelin.com/tw/zh_TW/taipei-region/taipei/restaurant/tamai","[""25.059007"",""121.545867""]"
"真的好海鮮","大安區復興南路一段222號,Taipei,106,臺北／臺中","880-3,000TWD•海鮮","餐廳歷史悠久，採用大量在地海鮮，新鮮度及品質皆有保證。行政總廚會在魚缸附近，為客人介紹各款海鮮的最佳烹調方法。招牌菜包括過橋活鮑魚、鹽焗肥膏蟳和龍江脆皮雞。另外亦提供季節性菜餚。為了方便人數較少的客人，備有多款單人套餐，可以按需要組合不同菜色。店家更販售花枝丸、烏魚子等產品。","'Takeaway_X_Visa_K_代客泊車_接受信用卡","‹_米其林餐盤：供應美味菜餚的餐廳_ó_舒適","https://guide.michelin.com/tw/zh_TW/taipei-region/taipei/restaurant/really-good-seafood","[""25.039168"",""121.54344""]"
"Thai & Thai","松山區敦化北路158號5樓(文華精品),Taipei,105,臺北／臺中","900-2,000TWD•泰國菜","欲嚐傳統泰國菜，多數人會立時想起這家歷史悠久的餐廳。裝潢貫徹文華精品商場典雅高貴的格調，佇立於餐室中央的雕像製作細緻精巧，令人不禁駐足欣賞。富經驗的泰籍廚師團隊料理的菜餚風味道地，滋味無窮。體貼周到的服務亦使人心滿意足。","'JCB_Takeaway_X_Visa_中國銀聯","‹_米其林餐盤：供應美味菜餚的餐廳_ó_舒適","https://guide.michelin.com/tw/zh_TW/taipei-region/taipei/restaurant/thai-thai","[""25.055589"",""121.548152""]"
"The Tavernist","大安區仁愛路四段27巷25號12樓(金普頓大安酒店),Taipei,106,臺北／臺中","1,480-3,280TWD•時尚歐陸菜","英籍主廚身兼旅遊冒險家，烹飪靈感來自跨越全球的旅遊經驗，並以美食為相冊，網羅各國料理精髄，再以具創意的方式重新呈現。午間供應四道菜的套餐，晚間則提供品嚐菜單，特別值得一試。除了佳餚，這裡的摩登裝潢同樣吸引，適合朋友聚會。不妨在酒吧或戶外座位區，點選心儀調酒，享受片刻放鬆時光。","'JCB_X_Visa_e_上佳景觀_中國銀聯","‹_米其林餐盤：供應美味菜餚的餐廳_ó_舒適","https://guide.michelin.com/tw/zh_TW/taipei-region/taipei/restaurant/the-tavernist","[""25.04048"",""121.54536""]"
"Bencotto","松山區敦化北路158號6樓(文華東方酒店),Taipei,105,臺北／臺中","1,280-5,200TWD•義大利菜","主廚於義大利成長，純熟掌握義式料理手法，並大量選取來自臺灣的新鮮食材，手工製作多款深受歡迎的義大利麵和麵餃。不少顧客也會點選北義風格的披薩共享。另外，經長時間發酵的自家製麵包亦不容錯過。店內也提供超過四百款餐酒，當中不乏義大利珍釀，可請侍酒師或經理為你作出最佳搭配。","'Discovercard_JCB_Maestro_Takeaway","‹_米其林餐盤：供應美味菜餚的餐廳_ó_舒適(上佳)","https://guide.michelin.com/tw/zh_TW/taipei-region/taipei/restaurant/bencotto","[""25.055801"",""121.548349""]"
"雅閣","松山區敦化北路158號3樓(文華東方酒店),Taipei,105,臺北／臺中","1,200-8,800TWD•粵菜","穿過置滿中式古董擺設的小長廊，方正的空間飾以華麗布藝和木屏風，格調典雅，大型吊燈吸引眾人目光。厚甸甸的菜單上羅列多款經典粵菜，傳統中又不失主廚個人風格，不少更是桌邊烹調。海鮮種類繁多，例如阿拉斯加蟹、澎湖龍蝦等，秋季時分還設有大閘蟹菜單。推薦脆皮雞及蔥燒遼參。","'Discovercard_JCB_Takeaway_X_Visa","m_一星：優質烹調，不妨一試！_ô_十分舒適","https://guide.michelin.com/tw/zh_TW/taipei-region/taipei/restaurant/ya-ge","[""25.055801"",""121.548349""]"
"但馬家涮涮鍋 (本館)","松山區敦化北路166號5樓(文華精品),Taipei,105,臺北／臺中","1,280-7,600TWD•涮涮鍋","老闆認為吃火鍋是跟好友、家人相聚的親密時光，客人應好好享受用膳過程，不應費心處理食材，因此一切會由店員代為打點。食材方面，除了有在地蔬菜和海鮮，亦有多款日本蟹和不受時節所限的菲律賓花龍蝦等，牛肉更是直接從日本的但馬牛供應商取貨。客人更可點整條活魚分享，別忘了品嚐鮮甜味美的雜炊。","'Takeaway_X_Visa_f_室外停車場_接受信用卡","‹_米其林餐盤：供應美味菜餚的餐廳_ò_頗舒適(上佳)","https://guide.michelin.com/tw/zh_TW/taipei-region/taipei/restaurant/tajimaya-shabu-shabu","[""25.055637"",""121.548475""]"
"鮨增田","松山區敦化北路166號5樓(文華精品),Taipei,105,臺北／臺中","9,800TWD•壽司","與東京鮨增田跨海合作，坐落文華精品五樓，環境幽靜。由東京料理長增田勵於日本採買食材，副主廚小杉秀樹則在此掌廚，提供單一價位、包含熱菜及壽司的無菜單料理。醋飯由兩種日本米及其米醋調製而成，來自青森縣的黑鮪魚赤肉細緻光滑，值得細味。食材均來自日本，故於當地新年及豐洲市場停市時休息。","'JCB_Takeaway_X_Visa_中國銀聯","‹_米其林餐盤：供應美味菜餚的餐廳_ò_頗舒適","https://guide.michelin.com/tw/zh_TW/taipei-region/taipei/restaurant/sushi-masuda","[""25.0556369"",""121.548475""]"
"Ulv","大安區敦化南路一段160巷18號,Taipei,106,臺北／臺中","650-4,000TWD•時尚歐陸菜","店名發音與臺語的「人」接近，寓意以人為本，提供輕鬆舒適的用餐體驗。主廚深受北歐料理啟發，運用直火、發酵與熟成技法，使用在地食材，呈現各種歐陸美食。和牛塔塔、炭燒小捲為熱門菜色，肥美的炭烤白鰻，以及發酵馬鈴薯餅也值得一嚐。不妨搭配調酒，而康普茶費茲系列的紅茶品項則適合餐前享用。","'JCB_X_Visa_中國銀聯_û_供應素食菜單","‹_米其林餐盤：供應美味菜餚的餐廳_ò_頗舒適","https://guide.michelin.com/tw/zh_TW/taipei-region/taipei/restaurant/ulv","[""25.04345"",""121.54771""]"
"Indulge","大安區復興南路一段219巷11號,Taipei,106,臺北／臺中","380-1,500TWD•創新菜","淺色高背皮革座椅的用餐區，帶有時尚氣息。菜單亦充滿趣味，以臺灣環島鐵道的路線方式呈現，把西式菜餚與各地火車站做連結，並將臺灣飲食文化融入其中，讓客人體驗各種相異的飲食風格。餐後不妨到別具型格的地下室淺酌一番，出色的酒吧團隊設計了一系列以五行為概念的雞尾酒，值得一試。","'JCB_X_Visa_中國銀聯_”_吧檯式","‹_米其林餐盤：供應美味菜餚的餐廳_ò_頗舒適","https://guide.michelin.com/tw/zh_TW/taipei-region/taipei/restaurant/indulge","[""25.039132"",""121.544777""]"
"醉楓園小館","松山區八德路三段8巷5號,Taipei,105,臺北／臺中","300-500TWD•粵菜","彭主廚一直遵從叔公的料理配方，雖然與彭家園的廚師師承同一人，大家的手法還是大相逕庭。其芋泥香酥鴨、瓊山豆腐特別出色。冬季記得一試羊腩火鍋或魚頭火鍋，前者以澳洲草羊、甘蔗頭、老薑和南乳熬煮；後者強調原汁原味，與坊間用沙茶醬的做法有別。服務生訓練有素，且記住客人喜好。假期前後特別繁忙，建議訂位。","'Takeaway_:_只接受現金_E_無煙餐廳_{_私人廂房","=_必比登推介：具品質且經濟實惠的美食_ò_頗舒適","https://guide.michelin.com/tw/zh_TW/taipei-region/taipei/restaurant/tsui-feng-yuan","[""25.047404"",""121.549768""]"
"天下三絕","大安區仁愛路四段27巷3號,Taipei,106,臺北／臺中","300-500TWD•麵食","欲於水晶燈下邊啖紅酒邊嚐牛肉麵，天下三絕可滿足心願。店家所選用的牛肉來自美國和澳洲；麵條則以澳洲黃金小麥製作，有三種不同寬度；湯頭用上牛大骨、牛肋排、四種酸度的番茄等熬煮八小時而成，香醇清甜且富層次。特別推薦天下三絕牛肉麵，網羅四個牛肉部位，是為極品享受。逢週三點選主食可獲贈一杯紅酒。","'Takeaway_X_Visa_接受信用卡_E_無煙餐廳","=_必比登推介：具品質且經濟實惠的美食_ò_頗舒適","https://guide.michelin.com/tw/zh_TW/taipei-region/taipei/restaurant/tien-hsia-san-chueh","[""25.038915"",""121.54525""]"
"蘿莎娜小廚房","松山區八德路三段12巷52弄18號,Taipei,105,臺北／臺中","350-3,000TWD•義大利菜","餐廳只設三十多個座位，廚師從義大利或葡萄牙進口主要食材，並取用在地的蔬菜及魚料，各款麵包、義大利麵和義式冰淇淋均為手工製作。招牌菜包括燉煮章魚、義式香腸寬麵及碳烤美國豬排；用餐之餘不妨來一杯義國佳釀。菜單定期更換，主廚更可按需求設計不同的菜單，使用餐體驗更為獨特。","'X_Visa_接受信用卡_E_無煙餐廳_{_私人廂房","‹_米其林餐盤：供應美味菜餚的餐廳_ò_頗舒適","https://guide.michelin.com/tw/zh_TW/taipei-region/taipei/restaurant/la-locanda","[""25.046135"",""121.549903""]"
"劉芋仔","大同區寧夏路91號攤,Taipei,110,臺北／臺中","50-120TWD•街頭小吃","香酥芋丸外殼香脆、裹著細香的芋蓉；蛋黃芋餅滋味鹹香，客人絡繹不絕。","'Takeaway_不設訂位_:_只接受現金_E_無煙餐廳","=_必比登推介：具品質且經濟實惠的美食_J_街頭小吃","https://guide.michelin.com/tw/zh_TW/taipei-region/taipei/restaurant/liu-yu-zi","[""25.054365"",""121.51474""]"
"總裁藝文空間","中山區新生北路三段62巷24號,Taipei,臺北／臺中","880-2,860TWD•時尚歐陸菜","帶有庭院的日式洋房，建於1950年代，前身是臺灣中央銀行總裁的府邸，經修復後內部搖身一變，成為現代風格的歐式餐廳。用餐環境典雅溫馨，帶有歷史意涵，二樓更設有藝文空間，不定期舉辦展覽或活動。曾旅外的主廚精心規劃八道菜套餐，每季更換。平日中午則提供三道菜套餐，讓食客以美食相伴，度過輕鬆的午間時光。","'JCB_X_Visa_中國銀聯_接受信用卡","‹_米其林餐盤：供應美味菜餚的餐廳_ó_舒適","https://guide.michelin.com/tw/zh_TW/taipei-region/taipei/restaurant/ceo-1950","[""25.0658246"",""121.5258657""]"
"方家雞肉飯","大同區寧夏路44之2號60號攤,Taipei,110,臺北／臺中","70-170TWD•街頭小吃","淋上雞汁與油葱的雞絲飯香味四溢。招牌滷豆腐軟嫩得超乎想像。","'Takeaway_不設訂位_:_只接受現金_E_無煙餐廳","=_必比登推介：具品質且經濟實惠的美食_J_街頭小吃","https://guide.michelin.com/tw/zh_TW/taipei-region/taipei/restaurant/fang-chia-shredded-chicken-on-the-rice","[""25.05633"",""121.51532""]"
"圓環邊蚵仔煎","大同區寧夏路46號,Taipei,110,臺北／臺中","70-240TWD•街頭小吃","創立於1965年，蚵仔煎選用每天從臺南直送的蚵仔，特調醬汁別有風味。蒸米糕也值得一試。","'Takeaway_不設訂位_:_只接受現金_E_無煙餐廳","‹_米其林餐盤：供應美味菜餚的餐廳_J_街頭小吃","https://guide.michelin.com/tw/zh_TW/taipei-region/taipei/restaurant/yuan-huan-pien-oyster-egg-omelette","[""25.056416"",""121.5153""]"
"豬肝榮仔","大同區寧夏路68號前008及010號攤,Taipei,110,臺北／臺中","55-115TWD•街頭小吃","豬肝湯清甜醇厚，帶厚度的豬肝脆口而無粉感；肉粽質感軟嫩，蘸上店家特調的甜辣醬更是滋味。","'Takeaway_不設訂位_:_只接受現金_E_無煙餐廳","=_必比登推介：具品質且經濟實惠的美食_J_街頭小吃","https://guide.michelin.com/tw/zh_TW/taipei-region/taipei/restaurant/rong-s-pork-liver","[""25.056938"",""121.51546""]"
"鼎泰豐 (信義路)","大安區信義路二段194號,Taipei,110,臺北／臺中","350-450TWD•滬菜","樓高四層的餐廳共設330個座位，由分別在一樓的點心廚房及四樓的料理廚房服務客人。提供餛飩、粽子及點心等滬式食品，其中小籠包和紅油抄手也是受歡迎之選。此店的部分菜色只在臺灣供應，例如只限此店和101店的泡菜。門外有禮盒發售，從糕點至調味料色色俱全。人客眾多，唯假日不接受訂位。","'Takeaway_:_只接受現金_E_無煙餐廳_{_私人廂房","=_必比登推介：具品質且經濟實惠的美食_ò_頗舒適","https://guide.michelin.com/tw/zh_TW/taipei-region/taipei/restaurant/din-tai-fung-xinyi-road","[""25.033483"",""121.530112""]"
"橘色涮涮屋 (大安)","大安區大安路一段135號B1,Taipei,106,臺北／臺中","780-4,200TWD•涮涮鍋","此乃全臺首間高檔涮涮鍋專門店，提供美國頂級牛肉、日本帝王蟹及活毛蟹、手切小羔羊等。湯底以新鮮水果、昆布和老母雞熬煮三小時，滋味豐富；推薦手工鮮蝦丸及軟絲丸。店家會為點選海鮮套餐或手切小羔羊的顧客建議一食材多吃，如龍蝦可涮煮及清蒸，如此即能嚐到單一食材的不同風味。最後別要錯過每天現磨製作的杏仁豆腐。","'Takeaway_X_Visa_中國銀聯_K_代客泊車","‹_米其林餐盤：供應美味菜餚的餐廳_ó_舒適","https://guide.michelin.com/tw/zh_TW/taipei-region/taipei/restaurant/orange-shabu","[""25.038724"",""121.546244""]"
"T+T","松山區敦化北路165巷11號,Taipei,臺北／臺中","1,850-2,600TWD•創新菜","設計簡潔時尚，設開放式廚房，氣氛慵懶自在如置身歐洲小酒館。T+T解作tapas tasting，但與西班牙料理無關，而是寓意精緻小巧的嚐鮮體驗。含九道菜的精緻套餐，價格實惠。菜色融合味噌、人參、當歸等亞洲特色食材，並以米飯和麵食作搭配，貼近在地飲食文化。酒單多元有趣，單杯葡萄酒及烈酒選項近六十種。","'JCB_X_Visa_中國銀聯_N_供應優質餐酒","m_一星：優質烹調，不妨一試！_ó_舒適","https://guide.michelin.com/tw/zh_TW/taipei-region/taipei/restaurant/t-t","[""25.05474"",""121.55079""]"
"Tutto Bello","中山區雙城街25巷15號,Taipei,104,臺北／臺中","2,500-6,500TWD•時尚義大利菜","來自香港的主廚兼老闆移居臺灣逾三十年，具天賦的他以上乘的材料和恰到好處的烹調技巧，將經典義大利菜色演化為外表精緻又時尚的菜餚，推薦檸檬辣椒烘菌菇、煎干貝和手工義大利麵條等。團隊致力令每個環節都完美無瑕，酒單羅列不少法國和義國名釀，所選用的酒杯款式多樣，盡顯心思。","'JCB_Maestro_X_Visa_中國銀聯","‹_米其林餐盤：供應美味菜餚的餐廳_ó_舒適(上佳)","https://guide.michelin.com/tw/zh_TW/taipei-region/taipei/restaurant/tutto-bello","[""25.066293"",""121.525352""]"
"明壽司","中山區雙城街25巷6之3號,Taipei,104,臺北／臺中","2,500-4,500TWD•壽司","開業超過十年，熱烙的用餐氣氛和料理特色卻維持不變。提供江戶前風格壽司，採用一致比例的紅醋和白醋製作醋飯。食材多源自日本，並以江戶前的做法，善用魚類放置時間作適度熟成。例如黑鮪魚會依情況放置四至五天。設有板前包廂，既可保有隱私，又能夠觀賞壽司製作過程。","'JCB_X_Visa_”_吧檯式_接受信用卡","m_一星：優質烹調，不妨一試！_ò_頗舒適","https://guide.michelin.com/tw/zh_TW/taipei-region/taipei/restaurant/sushi-akira","[""25.06614"",""121.52486""]"
"月夜岩","中山區雙城街25巷9號,Taipei,臺北／臺中","3,000-10,000TWD•日本菜","臺灣首間以日本螃蟹為主題的懷石餐廳，由具二十多年的日籍料理長帶領，提供進口松葉蟹和帝王蟹，以及季節限定的毛蟹及河豚。共四種價位的懷石套餐份量精緻，以不同料理方式凸顯蟹之美味，其土鍋飯令人難以忘懷。庭院充滿日式風情，設板前座位和十二間以日本古代月份命名的包廂，極其雅致。建議於一周前訂位。","'X_Visa_”_吧檯式_接受信用卡_E_無煙餐廳","‹_米其林餐盤：供應美味菜餚的餐廳_ó_舒適(上佳)","https://guide.michelin.com/tw/zh_TW/taipei-region/taipei/restaurant/tsuki-yo-iwa","[""25.06622"",""121.52501""]"
"隱食家","中山區雙城街28巷8號,Taipei,臺北／臺中","280-800TWD•臺灣菜","店如其名，隱藏在巷弄之中，裝潢是簡約工業風。主廚希望發揮創意，為客人提供健康味美的臺灣菜。因此，除了烹調上少用油鹽，她特別著重優質食材，每天到市場向手釣客採買新鮮漁獲，並選用臺灣得獎冠軍米，以土鍋現點現煮。其手工秘製炸蚵捲、花生豬腳、帶濕潤口感的古法臺式炒米粉均獲口碑。午間提供商務套餐。","'X_Visa_接受信用卡_E_無煙餐廳_T_空調","=_必比登推介：具品質且經濟實惠的美食_ò_頗舒適","https://guide.michelin.com/tw/zh_TW/taipei-region/taipei/restaurant/inn-s","[""25.0658284"",""121.523703""]"
"永康牛肉麵","大安區金山南路二段31巷17號,Taipei,106,臺北／臺中","150-450TWD•麵食","千萬不要在飢腸轆轆時光臨此店，因為餓著肚子站在輪候隊伍中更是難受。其川味牛肉麵赫赫有名，濃郁的湯頭以大骨熬製，鹹辣帶勁。招牌紅燒牛肉麵選用半筋半肉的澳洲牛腱和在地牛肉，熬煮超過四小時，肉味濃，軟嫩而不失嚼勁。多種小菜也值得一試，尤其推薦滷五香豆腐，味道香濃令人欲罷不能。","'Takeaway_不設訂位_:_只接受現金_E_無煙餐廳","=_必比登推介：具品質且經濟實惠的美食_2_小店","https://guide.michelin.com/tw/zh_TW/taipei-region/taipei/restaurant/yong-kang-beef-noodle","[""25.032918"",""121.528305""]"
"欣葉台菜 (創始店)","中山區雙城街34之1號,Taipei,104,臺北／臺中","600-2,000TWD•臺灣菜","說起臺菜餐館，欣葉必定榜上有名。多年來，規模變大了，從只供應清粥小菜，至成為宴席菜的場地，店東希望將家庭的味道帶給客人的心願始終未變。到欣葉必嚐其手工菜色──菜脯蛋以筷子邊煮邊攪拌翻鍋，做法獨特；杏仁豆腐由三位師傅人手鮮製，口感軟糯；其他招牌菜還有煎豬肝和以手工見稱的潤餅等。","'Takeaway_X_Visa_中國銀聯_K_代客泊車","‹_米其林餐盤：供應美味菜餚的餐廳_ò_頗舒適","https://guide.michelin.com/tw/zh_TW/taipei-region/taipei/restaurant/shin-yeh-taiwanese-cuisine","[""25.066534"",""121.524189""]"
"杭州小籠湯包 (大安)","大安區杭州南路二段17及19號,Taipei,106,臺北／臺中","350-600TWD•點心","老闆黃氏兄弟與楊主廚師承上海師傅，主張販售樸實且真材實料的小籠包。招牌小籠湯包包皮僅以麵粉及水所做，不含添加物，每天現擀，並以新鮮豬後腿肉作餡，皮薄多汁而不油膩。豆沙鍋餅餅皮帶芝麻與餅皮酥香，內餡混合兩種豆沙，入口絲滑，也值得一試。餐廳採自助式服務，價格親民。","'Takeaway_不設訂位_:_只接受現金_E_無煙餐廳","=_必比登推介：具品質且經濟實惠的美食_2_小店","https://guide.michelin.com/tw/zh_TW/taipei-region/taipei/restaurant/hang-zhou-xiao-long-bao-da-an","[""25.034063"",""121.523728""]"
"大腕","大安區敦化南路一段177巷22號,Taipei,106,臺北／臺中","3,000-5,000TWD•燒烤","曾於大阪工作的店東對牛肉部位的切割瞭如指掌，並挑選最優質的食材侍客。牛肉九成為來自日本的A5級和牛，到店後進行熟成最少三星期，並由老闆定期培訓和考核的廚師團隊進行分割、修切、調味和燒烤。團隊更會每日嚴選限量供應的特定部位，設計成隱藏版菜單。","'X_Visa_”_吧檯式_M_大來卡(DinersClub)_接受信用卡","m_一星：優質烹調，不妨一試！_ò_頗舒適","https://guide.michelin.com/tw/zh_TW/taipei-region/taipei/restaurant/da-wan","[""25.043045"",""121.550788""]"
"吉兆割烹壽司","大安區忠孝東路四段181巷48號,Taipei,106,臺北／臺中","3,500-7,000TWD•壽司","其名取自一日本燒酒名稱，由兩位臺灣主廚共同執掌板前。他們希望能讓臺灣人吃到媲美日本名店的上乘壽司，故裝潢亦秉承日本壽司店的簡樸，氣氛更為輕鬆。食物以生食及手握壽司為主，也會按客人需求提供熟食，只需於訂位時說明。由於兼營日本清酒代理，餐廳會按時令提供不同的清酒佐餐，亦會邀請日本廚師當客座主廚。","'JCB_Takeaway_X_Visa_中國銀聯","m_一星：優質烹調，不妨一試！_ò_頗舒適","https://guide.michelin.com/tw/zh_TW/taipei-region/taipei/restaurant/kitcho","[""25.043045"",""121.550788""]"
"Chou Chou","大安區忠孝東路四段170巷6弄22號,Taipei,106,臺北／臺中","1,080-2,580TWD•法國菜","黑色百葉窗搭配米色與咖啡色調的裝潢，令用餐環境帶有濃烈法國情懷。廚房前的大理石吧檯被保留下來，客人可以在此欣賞主廚精湛的料理技巧。菜單上盡是融入當代元素的法國菜餚，從洋蔥湯到爐烤乾式熟成胭脂鴨胸，一切應有盡有。推薦油封鴨腿和烤全雞，但後者需要三天前預訂，可於訂位時提出。","'JCB_X_Visa_中國銀聯_”_吧檯式","‹_米其林餐盤：供應美味菜餚的餐廳_ó_舒適","https://guide.michelin.com/tw/zh_TW/taipei-region/taipei/restaurant/chou-chou","[""25.040825"",""121.549753""]"
"梵燒肉","大安區敦化南路一段235號2樓,Taipei,106,臺北／臺中","2,500-4,500TWD•燒烤","日本Yoroniku的姐妹店，環境典雅，設吧檯、四人方桌及包廂，建議選擇吧檯，方便向服務人員了解肉品知識。店內提供多款日本和牛部位，全由廚師團隊自行切割。推薦夏多布里昂、牛三筋，以及搭配宜蘭生雞蛋的月見涮涮，滋味令人難以忘懷。備有炸牛排三明治和其他隱藏菜單，可於訂位時詢問及預訂。","'JCB_X_Visa_中國銀聯_”_吧檯式","‹_米其林餐盤：供應美味菜餚的餐廳_ò_頗舒適(上佳)","https://guide.michelin.com/tw/zh_TW/taipei-region/taipei/restaurant/vanne-yakiniku","[""25.04021"",""121.54932""]"
"點水樓 (松山)","松山區南京東路四段61號,Taipei,105,臺北／臺中","600-1,380TWD•江浙菜","小橋流水、木雕窗花、骨董藝品為餐廳添了古色古香的江南韻味。命名為點水樓，乃因餐廳對自家茶水點心引以為傲，事實上，除了江南美點水準上乘，其江浙名菜亦甚得饕客青睞，西湖醋魚、點水烤方等招牌菜多得不勝枚舉。廚師大量採用在地食材，並按季節設計時令菜色。菜餚更設大、中、小盤份量，甚為周到。","'Takeaway_X_Visa_”_吧檯式_f_室外停車場","=_必比登推介：具品質且經濟實惠的美食_ó_舒適","https://guide.michelin.com/tw/zh_TW/taipei-region/taipei/restaurant/dian-shui-lou-songshan","[""25.051922"",""121.552778""]"
"金賞軒","松山區敦化北路155巷111號,Taipei,臺北／臺中","600-800TWD•臺灣菜","餐廳雖小，卻充滿格調。空間整潔明亮，除了有偌大的玻璃窗，更配以古典畫作、精緻餐具和輕快的音樂，帶來加倍雅致的用餐體驗。主廚料理臺菜逾二十年，除了經典菜色，亦推薦其私房料理，例如佐以蒜酥和香菜末的香根牛肉、烹調費時的三杯燜雞，以及多款海鮮美食。服務親切貼心，更可以依用餐人數調整份量。","'X_Visa_接受信用卡_E_無煙餐廳_{_私人廂房","=_必比登推介：具品質且經濟實惠的美食_ò_頗舒適","https://guide.michelin.com/tw/zh_TW/taipei-region/taipei/restaurant/jin-shang-hsuan","[""25.05423"",""121.55259""]"
"鮨翁","松山區敦化北路155巷110號,Taipei,105,臺北／臺中","5,000TWD•壽司","從歷史悠久的備前燒裝飾，到餐具擺設，都是料理長從日本帶回來的珍藏品，令這家壽司專門店更添韻味。料理長嚮往職人精神，故每年前往日本考察，並遵循傳統江戶前壽司風格，沒有花俏的陪襯食材，但處理手法細緻。推薦用昆布處理過的縞蝦，其肉質滑嫩，鮮味十足。另外，春子鯛、小鰭和穴子等也甚具水準。","'JCB_X_Visa_”_吧檯式_接受信用卡","‹_米其林餐盤：供應美味菜餚的餐廳_ò_頗舒適","https://guide.michelin.com/tw/zh_TW/taipei-region/taipei/restaurant/sushi-wou","[""25.054332"",""121.552621""]"
"富錦樹台菜香檳 (松山)","松山區敦化北路199巷17號,Taipei,臺北／臺中","600-1,000TWD•臺灣菜","為了打破臺灣料理的刻板印象，餐廳結合了臺菜與香檳，且每季均會根據時令推出新菜色，令人耳目一新。其中烏魚子炒飯的米飯炒至粒粒分明，烏魚子彈牙鮮味；芋泥嫩肩則口感絲滑、肉質軟嫩，帶著濃濃芋香。以香檳搭配佳餚，加倍滿足。用餐區擁有偌大的落地窗，配以天花上猶如山巒的植物裝置，環境舒適愜意。","'JCB_X_Visa_中國銀聯_接受信用卡","m_一星：優質烹調，不妨一試！_ó_舒適","https://guide.michelin.com/tw/zh_TW/taipei-region/taipei/restaurant/fujin-tree-taiwanese-cuisine-champagne-songshan","[""25.05644"",""121.55264""]"
"先進海產店","松山區延吉街23巷5號,Taipei,105,臺北／臺中","600-800TWD•海鮮","來自基隆的新鮮海產陳列於門前小冰櫃中，顧客挑選食材後，服務人員會建議料理方式。推薦店家的改良版蚵嗲，取大香菇放上東石鮮蚵、肉末和韭菜末，再抹上麵糊油炸，外酥內嫩且多汁。香烤紅喉魚也不俗，簡單的碳烤方式突顯了魚的鮮甜和油脂。海產以外，嫩煎豬肝為必點菜餚。菜色口味偏重，但能應需求調整。","'Takeaway_:_只接受現金_E_無煙餐廳_T_空調","‹_米其林餐盤：供應美味菜餚的餐廳_ò_頗舒適","https://guide.michelin.com/tw/zh_TW/taipei-region/taipei/restaurant/hsien-chin-seafood","[""25.046322"",""121.553788""]"
"好公道金雞園 (大安)","大安區永康街28之1號,Taipei,106,臺北／臺中","100-150TWD•滬菜","餐廳前一盤盤的點心和蒸籠是其標記。占地兩層的好公道裝潢簡單，樸實的桌椅無礙饕客興致。開業四十餘年一直提供上海小菜點心，各種菜品皆手工現做，其菜肉蒸餃皮薄多汁，內含剁碎的青江菜與豬肉餡，一口咬下香氣四溢，絕對不容錯過。此外，黃金十八摺小籠包、蟹黃小包與油豆腐細粉也值得品嚐。","'Takeaway_不設訂位_:_只接受現金_E_無煙餐廳","=_必比登推介：具品質且經濟實惠的美食_ò_頗舒適","https://guide.michelin.com/tw/zh_TW/taipei-region/taipei/restaurant/hao-kung-tao-chin-chi-yuan-da-an","[""25.03066"",""121.529477""]"
"彭家園","大安區東豐街60號,Taipei,106,臺北／臺中","300-800TWD•粵菜","規模不大的餐廳屬家族生意，紅地毯、水晶吊燈加上中式掛畫，是典型粵菜餐館格局，服務多年的店員令餐廳充溢親切感。來自香港的大廚兼店東扎根臺灣三十多年，致力為顧客帶來不賣弄花巧的傳統廣東味道。他對烹調的時間拿捏準確，尤其擅長清蒸海鮮菜色，此外，芋泥酥鴨、瓊山豆腐和螃蟹粉絲煲也是推薦之選。","'Takeaway_:_只接受現金_E_無煙餐廳_{_私人廂房","=_必比登推介：具品質且經濟實惠的美食_ò_頗舒適","https://guide.michelin.com/tw/zh_TW/taipei-region/taipei/restaurant/peng-family","[""25.035942"",""121.547617""]"
"Mume","大安區四維路28號,Taipei,106,臺北／臺中","2,680-3,880TWD•時尚歐陸菜","名稱在拉丁文解作梅花，像在呼應著餐盤上林林總總的花卉和香草。主廚精於北歐烹調技巧，兩個價位的套餐皆融合了在地時令食材和斑斕的花草，每道菜色都美豔如畫。餐廳門面低調而富型格，店內雖然燈光暗淡，用餐氣氛卻輕鬆友善。不妨搭配一杯帶有臺灣風味的雞尾酒佐餐。","'JCB_X_Visa_接受信用卡_E_無煙餐廳","‹_米其林餐盤：供應美味菜餚的餐廳_ò_頗舒適","https://guide.michelin.com/tw/zh_TW/taipei-region/taipei/restaurant/mume","[""25.036278"",""121.548015""]"
"大三元","中正區衡陽路46號,Taipei,100,臺北／臺中","500-1,500TWD•粵菜","開業逾半世紀的大三元現由第三代掌舵。建築物外牆飾以饒有氣勢的書法，店內裝潢古雅，是政商名人聚會的熱門場所。這兒提供的廣東菜帶點臺式元素，鮮茄大鮮鮑以乾、鮮番茄和九層塔入饌，清新可喜；創意菜海鮮烤木瓜則將干貝、鮑魚、日本魚板等放入剖半木瓜中烤製；苦茶油雞湯也蠻受歡迎。","'JCB_Takeaway_X_Visa_中國銀聯","‹_米其林餐盤：供應美味菜餚的餐廳_ô_十分舒適","https://guide.michelin.com/tw/zh_TW/taipei-region/taipei/restaurant/da-san-yuan","[""25.042217"",""121.512229""]"
"榮榮園","大安區信義路四段25號,Taipei,106,臺北／臺中","500-1,000TWD•浙江菜","成立於1965年的榮榮園已走過半世紀時光，雖現已無法再看到創辦人的身影，但跟隨他三十個年頭的首席徒弟確保餐廳繼續傳承浙江老滋味。經典菜色繁多，烤排骨為必嚐之選，豬子排和洋蔥以小火燒六小時，輕觸即骨肉分離，汁濃味香，搭配光餅更是一絕。鐵板牛尾也不容錯過。服務親切得讓你猶如置身家中般舒適。","'Takeaway_X_Visa_K_代客泊車_接受信用卡","=_必比登推介：具品質且經濟實惠的美食_ò_頗舒適","https://guide.michelin.com/tw/zh_TW/taipei-region/taipei/restaurant/rong-rong-yuan","[""25.033557"",""121.544644""]"
"牡丹","大安區四維路52巷17號,Taipei,106,臺北／臺中","3,500-6,500TWD•天婦羅","極簡的裝飾風格，加上雅致的器皿、細膩的服務，讓人愜意地享受美食。料理長善於掌握食材特性，按時令嚴選臺灣與日本的海鮮，調整每日菜單。新鮮食材裹上特調麵衣，炸至外皮清爽薄脆，再以細海鹽、檸檬汁等點綴，別具風味，讓人回味再三。僅接受12:30及18:30的訂位，顧客須提前預約並準時抵達。","'JCB_X_Visa_中國銀聯_”_吧檯式","m_一星：優質烹調，不妨一試！_ó_舒適(上佳)","https://guide.michelin.com/tw/zh_TW/taipei-region/taipei/restaurant/mudan","[""25.035223"",""121.54723""]"
"巷子龍家常菜","大安區四維路25號,Taipei,臺北／臺中","600-1,000TWD•湘菜,江浙菜","前身是談話頭餐廳，三十餘年間多次搬遷，於2019年搬到現址，並改以店東名字諧音為名。餐室小巧而菜單精簡，但每一道都是招牌。其湖南與江浙家常菜，標榜不勾芡、不使用味精，並以每天採買的漁獲與食材，推出當日菜色。推薦湖南金錢蛋、無錫排骨與上海菜飯。服務親切，氣氛猶如回家用餐般自在，更歡迎自帶酒水。","'Takeaway_:_只接受現金_E_無煙餐廳_{_私人廂房","=_必比登推介：具品質且經濟實惠的美食_ò_頗舒適","https://guide.michelin.com/tw/zh_TW/taipei-region/taipei/restaurant/talking-heads","[""25.03553"",""121.5481""]"
"驥園川菜","大安區敦化南路一段324號,Taipei,106,臺北／臺中","500-1,500TWD•川菜","饕客來到驥園，都是為了一嚐那招牌砂鍋雞湯！此菜做法耗時，先用老母雞熬製十小時成高湯，再放入新鮮土雞肉、火腿、干貝與豬腳熬煮兩小時，湯色乳白且味道香濃。菜單上除了常見川菜如乾煸四季豆、宮保雞丁外，廚師更以多種食材搭配不同料理手法，如豆酥、麻辣、京醬肉絲等，口味多元。餐廳人潮不絕，建議提前訂位。","'Takeaway_X_Visa_f_室外停車場_接受信用卡","‹_米其林餐盤：供應美味菜餚的餐廳_ó_舒適","https://guide.michelin.com/tw/zh_TW/taipei-region/taipei/restaurant/gi-yuan","[""25.035272"",""121.548434""]"
"L先生","松山區民生東路四段131巷21號,Taipei,105,臺北／臺中","980-3,900TWD•時尚法國菜","選址綠意盎然的民生東路，予人舒適之感。L是東主的名字，他同時經營時尚的蘭餐廳，兩者相比，這兒的布置更顯古典。精煉的法式料理風格現代、賣相不凡，且融入日本元素。滋味豐富的晚間套餐含六道菜色，午餐時間人潮不斷，菜單選項更具彈性。開放式廚房讓你窺見廚師團隊大顯身手的過程。","'JCB_X_Visa_中國銀聯_接受信用卡","‹_米其林餐盤：供應美味菜餚的餐廳_ó_舒適","https://guide.michelin.com/tw/zh_TW/taipei-region/taipei/restaurant/monsieur-l","[""25.059239"",""121.553498""]"
"湘帝御膳食堂","大同區迪化街一段62號,Taipei,臺北／臺中","300-500TWD•麵食","位於霞海城隍廟前的舊式磚瓦建築內，門前燈籠高掛，室內乾淨明亮，採用木質桌椅，散發典雅的氛圍。由知名乾貨商經營，標榜以自家嚴選的藥膳入菜，特別推薦味澤溫潤的何首烏雞湯，色濃甘美，可搭配麵線享用。另一招牌是選用澳洲牛腱肉的牛肉麵，有番茄、紅燒和清燉口味。建議佐以冰糖紅棗銀耳露，滋潤身心。","':_只接受現金_E_無煙餐廳_T_空調","=_必比登推介：具品質且經濟實惠的美食_2_小店","https://guide.michelin.com/tw/zh_TW/taipei-region/taipei/restaurant/shiang-dih-regimen-cuisine","[""25.05542"",""121.50999""]"
"壽司芳","大安區忠孝東路四段216巷19弄12號,Taipei,106,臺北／臺中","3,500-8,500TWD•日本菜","壽司芳的第三間海外分店，由大阪主廚設計菜單，並交由來臺多年的日籍主廚管理。其無菜單料理結合日式壽司傳統與西式烹調風格，並多用在地鮮魚。建議點選價格較高的套餐，體驗更多創意菜色，例如牡丹蝦義式薄切，以日本牡丹蝦搭配用蝦膏、蝦頭製作的冰淇淋與魚子醬刨片，滋味鮮甜清爽，僅於大阪本店及臺北店供應。","'JCB_X_Visa_中國銀聯_”_吧檯式","‹_米其林餐盤：供應美味菜餚的餐廳_ò_頗舒適","https://guide.michelin.com/tw/zh_TW/taipei-region/taipei/restaurant/sushiyoshi","[""25.0403214"",""121.553623""]"
"Embers","大安區仁愛路四段122巷24號,Taipei,臺北／臺中","2,500TWD•創新菜","室內設計樸實而充滿細節，呈現出與土地的連繫。吧檯上方的鳥巢形裝飾由柳杉製成，靈感來自原住民的獵寮，藉此介紹寶島的原始之美。主廚擺脫西餐思維，大量取材山林、原野或部落，並採用檳榔、醃魚、小米、豆棗等在地食材。他也會依據時令，更改九道菜菜單的內容，並破格地以土鍋現煮的臺灣米飯作主食搭配。","'JCB_Maestro_X_Visa_中國銀聯","‹_米其林餐盤：供應美味菜餚的餐廳_ò_頗舒適(上佳)","https://guide.michelin.com/tw/zh_TW/taipei-region/taipei/restaurant/embers","[""25.0356925"",""121.550245""]"
"四川吳抄手 (大安)","大安區忠孝東路四段250之3號,Taipei,106,臺北／臺中","300-1,000TWD•川菜","以四川道地小吃吳抄手命名，每一道菜均顯露出老闆對家鄉的思念－－麻辣鍋以六十多種中藥和香料熬製，溫和而不油膩；水煮牛及西柿酸魚以自家發酵的牛番茄入菜，酸中帶果香；紅油抄手以豬後腿肉和獨家配方的抄手皮製作。從小小的麵食店擴展至現今的菜館規模，足證其製作用心，菜色更會按季節更迭。","'Takeaway_X_Visa_接受信用卡_E_無煙餐廳","=_必比登推介：具品質且經濟實惠的美食_ò_頗舒適","https://guide.michelin.com/tw/zh_TW/taipei-region/taipei/restaurant/chili-house-da-an","[""25.04115"",""121.554327""]"
"南村","大安區忠孝東路四段216巷33弄10號,Taipei,臺北／臺中","1,000-2,000TWD•臺灣菜","餐廳創辦人是四四南村的第三代眷村子弟，以在地食材烹調糅合了大江南北菜系特色的眷村菜，希望呈現兒時滋味的同時，將其細膩化，以小酒館方式呈現。紅燒肉採用深坑黑豬肉，與滷味一樣是招牌菜色，不容錯過。店家能依據預算與人數安排菜色，適合聚會。菜單不定期更換，建議提前查詢特別菜色。","'X_Visa_接受信用卡_E_無煙餐廳_{_私人廂房","‹_米其林餐盤：供應美味菜餚的餐廳_ò_頗舒適","https://guide.michelin.com/tw/zh_TW/taipei-region/taipei/restaurant/44-sv","[""25.039415"",""121.55349""]"
"清真中國牛肉麵食館 (大安)","大安區延吉街137巷7弄1號,Taipei,106,臺北／臺中","155-300TWD•麵食","傲立超過六十年，其清燉牛肉麵遠近馳名，牛肉選用臺灣溫體牛，湯頭清香而帶濃重牛骨香味，秘訣是湯頭從不關火，年月將它變得濃而不膩。除牛肉麵，其現做的東北斤餅配炒牛肉絲也是招牌菜色。店家更販售自製牛肉乾，唯產量不多，若不致電預訂便得碰碰運氣。","'Takeaway_不設訂位_:_只接受現金_E_無煙餐廳","=_必比登推介：具品質且經濟實惠的美食_2_小店","https://guide.michelin.com/tw/zh_TW/taipei-region/taipei/restaurant/halal-chinese-beef-noodles","[""25.042401"",""121.555033""]"
"Yuu","大安區忠孝東路四段216巷33弄15號,Taipei,106,臺北／臺中","3,800-5,800TWD•日本菜","主廚烹調日本料理逾二十年，他一改割烹料理以海鮮為主的慣例，採用來自日本的A5級近江牛作主食材，套餐包括了不同部位的牛肉與烹調方式，其中炸菲力和牛三明治的吐司帶著炭火香氣，和牛炸得外酥內嫩，令人印象難忘；店家自製的蕨餅更帶來完美句點。若希望提高套餐中海鮮的比例，可於訂位時提出。","'JCB_X_Visa_中國銀聯_”_吧檯式","‹_米其林餐盤：供應美味菜餚的餐廳_ò_頗舒適","https://guide.michelin.com/tw/zh_TW/taipei-region/taipei/restaurant/yuu","[""25.039543"",""121.55378""]"
"筌","大安區安和路一段78巷37號,Taipei,臺北／臺中","2,000-7,000TWD•日本菜","經驗豐富的料理長以自己的名字為餐廳命名。室內裝潢沉實精緻，板前座位以六百年樹齡的香衫所製，配以暗紅色座椅，十分舒適。魚鮮源自日本九州、東京和北海道，料理長更會依據生魚的特性和處理手法，搭配以赤醋或白醋調和的醋飯。亦可因應客人的喜好和預算，調整壽司和熱菜的比例，讓用餐體驗更完美。","'X_Visa_接受信用卡_E_無煙餐廳_T_空調","‹_米其林餐盤：供應美味菜餚的餐廳_ò_頗舒適","https://guide.michelin.com/tw/zh_TW/taipei-region/taipei/restaurant/uke","[""25.03505"",""121.55023""]"
"五月雪客家私房珍釀","大安區敦化南路一段329巷16號,Taipei,106,臺北／臺中","300-700TWD•客家菜","掌勺二十多年的老闆冀改變大眾對客家菜油膩厚重的印象，親自研發菜色，並融入多種海鮮與創意。香蔥燜嫩排和紅麴軟絲均很受歡迎，前者選用豬腩排以客家油蔥等燉煮四小時而成，建議預訂；後者則採用來自澎湖的現撈軟絲，以陳年紅麴醃製後油炸，口感軟嫩且帶紅糟香氣。不妨也預訂以臺南放山土雞烹調的山野鹽焗雞。","'Takeaway_X_Visa_接受信用卡_E_無煙餐廳","‹_米其林餐盤：供應美味菜餚的餐廳_ò_頗舒適","https://guide.michelin.com/tw/zh_TW/taipei-region/taipei/restaurant/may-snow-hakka-food","[""25.034046"",""121.549961""]"
"賣麵炎仔","大同區安西街106號,Taipei,103,臺北／臺中","70-200TWD•麵食","這小麵攤開業逾八十年，為老臺北人所熟悉，位於樸實陳舊的公寓並不減其魅力，門前仍是人潮不絕。提供油麵、米粉與黑白切；湯頭以全雞、豬肉與內臟熬煮而成，十分清甜。燒肉、白斬雞和花枝都是必點配菜，而皮酥肉嫩的燒肉僅在十點後供應。麵攤不設菜單及價目表，貼心的老闆會按用餐人數配菜。","'Takeaway_不設訂位_:_只接受現金_E_無煙餐廳","=_必比登推介：具品質且經濟實惠的美食_2_小店","https://guide.michelin.com/tw/zh_TW/taipei-region/taipei/restaurant/mai-mien-yen-tsai","[""25.061037"",""121.509862""]"
"高麗菜飯 原汁排骨湯","大同區延平北路三段17巷2號,Taipei,110,臺北／臺中","20-90TWD•街頭小吃","高麗菜飯配上清澈的蘿蔔排骨湯，簡單卻令人回味無窮。","'Takeaway_不設訂位_:_只接受現金_E_無煙餐廳","=_必比登推介：具品質且經濟實惠的美食_J_街頭小吃","https://guide.michelin.com/tw/zh_TW/taipei-region/taipei/restaurant/cabbage-rice-and-pork-rib-soup","[""25.063784"",""121.51129""]"
"鮨天本","大安區仁愛路四段371號,Taipei,臺北／臺中","3,000-5,000TWD•壽司","餐廳位置略為隱蔽，室內設計卻秉承傳統風格，板前座位由加拿大檜木製成。選料優質，漁獲由九州和豐洲市場進口，並採用長野天然水，按特定配方烹煮壽司米飯。料理長天本先生對魚料處理甚具巧思，依據時令，其青花魚、白子與鮟鱇魚肝均有獨特處理手法，令人驚豔。喜愛清酒的他亦可為客人挑選清酒佐餐。","'X_Visa_”_吧檯式_接受信用卡_E_無煙餐廳","n_二星：烹調出色，不容錯過！_ò_頗舒適","https://guide.michelin.com/tw/zh_TW/taipei-region/taipei/restaurant/sushi-amamoto","[""25.0379428"",""121.5546162""]"
"De Nuit","大安區信義路四段175號,Taipei,臺北／臺中","3,500-4,200TWD•時尚法國菜","名字在法文中解作「夜晚」，室內設計也帶著夜幕的沉穩：光潔的玻璃窗景，加上墨黑色桌巾、絨面沙發和灰色座椅，令人放鬆心情，非常適合情侶或小型聚餐。廚房團隊年輕專業，致力保留法國料理的精髓，同時增添季節元素。菜色口味細緻，擺盤極具巧思。無論搭配餐酒或茶飲，都令美食生色不少。","'JCB_X_Visa_中國銀聯_接受信用卡","m_一星：優質烹調，不妨一試！_ó_舒適(上佳)","https://guide.michelin.com/tw/zh_TW/taipei-region/taipei/restaurant/de-nuit","[""25.0333738"",""121.5506109""]"
"八和","大安區安和路一段102巷4號,Taipei,臺北／臺中","3,000-6,000TWD•燒烤","名為「八和」，是因為餐廳按近江澤井姬和牛三十多個部位的最佳品嘗方式，設計出八種不同料理，分別是生牛肉、壽司、霜降、赤身、牛排、逸品、湯品和主食。另限量供應赤身的內腿或內裙等特殊部位，可預先致電查詢。推薦用荷葉包覆的牛油拌飯，香味四溢。環境寬敞，入口處更能透過玻璃窗觀看肉品切割過程。","'JCB_X_Visa_中國銀聯_K_代客泊車","‹_米其林餐盤：供應美味菜餚的餐廳_ò_頗舒適","https://guide.michelin.com/tw/zh_TW/taipei-region/taipei/restaurant/baho","[""25.03429"",""121.55162""]"
"申浦尚宴","大安區信義路四段152號,Taipei,106,臺北／臺中","800-900TWD•滬菜","「申」是上海別稱，而「浦」是宋朝時上海的舊稱，寓意老菜新滋味，既能吃到傳統菜餚，也配合健康趨勢，採用少油少鹽的烹調方式。其廚房由江浙團隊組成，具有多年經驗，拿手菜包括酒釀油爆蝦、甜筒鍋巴蝦仁、古法馬頭魚與螃蟹料理。若喜歡傳統口味，可預訂選用新鮮豬內臟與香糟一同燒製的砂鍋香糟缽斗。","'JCB_Maestro_Takeaway_X_Visa","‹_米其林餐盤：供應美味菜餚的餐廳_ó_舒適","https://guide.michelin.com/tw/zh_TW/taipei-region/taipei/restaurant/shen-pu-shang-yen","[""25.0330436"",""121.550352""]"
"Logy","大安區安和路一段109巷6號,Taipei,106,臺北／臺中","3,750TWD•時尚亞洲菜","承襲其東京姊妹店的裝潢風格，以混凝土灰黑色調搭配板前座位，予人沉穩且神秘之感。其無菜單套餐包含約十道菜，每兩個月更換。日籍主廚強調使用在地食材和亞洲元素，以日本料理手法呈現亞洲菜的多元風貌。例如拿手菜茶碗蒸，首次菜單融入了臺式風味，除了加入牛肉清湯，更以芹菜根及當歸葉的冰沙提味。顧客必須於網路預約訂位。","'JCB_X_Visa_中國銀聯_”_吧檯式","n_二星：烹調出色，不容錯過！_ó_舒適(上佳)","https://guide.michelin.com/tw/zh_TW/taipei-region/taipei/restaurant/logy","[""25.035575"",""121.552955""]"
"大橋頭老牌筒仔米糕","大同區延平北路三段41號,Taipei,110,臺北／臺中","70-150TWD•街頭小吃","以圓糯米製成的米糕軟嫩而不爛；可選配肥或瘦肉，再佐以自製醬料，美味非常。","'Takeaway_不設訂位_:_只接受現金_E_無煙餐廳","=_必比登推介：具品質且經濟實惠的美食_J_街頭小吃","https://guide.michelin.com/tw/zh_TW/taipei-region/taipei/restaurant/da-qiao-tou-tube-rice-pudding","[""25.065004"",""121.51112""]"
"施家鮮肉湯圓","大同區延平北路三段58號,Taipei,110,臺北／臺中","80-250TWD•街頭小吃","創立於六十年代，鮮肉湯圓最受歡迎，外皮軟嫩，肉餡飽滿，咬下時肉汁隨之流出，讓人欲罷不能。","'Takeaway_不設訂位_:_只接受現金_E_無煙餐廳","=_必比登推介：具品質且經濟實惠的美食_J_街頭小吃","https://guide.michelin.com/tw/zh_TW/taipei-region/taipei/restaurant/shih-chia-big-rice-ball","[""25.065262"",""121.51111""]"
"JE Kitchen","大安區光復南路346巷48號,Taipei,106,臺北／臺中","980-2,180TWD•時尚歐陸菜","富現代感的門楣讓餐廳在光復南路上尤其耀眼。水泥地和灰米色的簡約裝潢，與隨性寫意的氣氛搭配得天衣無縫。雖然氣氛輕鬆，食物卻處處顯露出店家的認真嚴謹。套餐融合法國及北歐元素，道道精緻時尚。主廚貫徹北歐菜物盡其用的原則，並每月推出兩至三道新菜色，展示當季食材和其創意。","'X_Visa_接受信用卡_E_無煙餐廳_T_空調","‹_米其林餐盤：供應美味菜餚的餐廳_ò_頗舒適","https://guide.michelin.com/tw/zh_TW/taipei-region/taipei/restaurant/je-kitchen","[""25.038483"",""121.556066""]"
"鮨野村","大安區仁愛路四段300巷19弄4號,Taipei,106,臺北／臺中","3,000-10,000TWD•壽司","來臺多年的料理長野村先生專司江戶前壽司，講究用料，米飯採用來自四國水主町的有機越光米及北海道七星米，並以富士山泉水烹調，調味用上赤醋及白醋，以特別配方混合。他對魚生片的掌控和熟成度了解亦十分透徹，自家醃製的亮皮魚和星鰻值得細味。室內裝潢簡約，備前燒食具更顯露其對細節的重視。","'Takeaway_X_Visa_”_吧檯式_接受信用卡","m_一星：優質烹調，不妨一試！_ò_頗舒適","https://guide.michelin.com/tw/zh_TW/taipei-region/taipei/restaurant/sushi-nomura","[""25.036207"",""121.554783""]"
"謙安和","大安區安和路一段127巷4號,Taipei,106,臺北／臺中","4,500-6,800TWD•日本菜","謙安和中午供應以生食為主的手握壽司套餐，晚間則是割烹料理。不論哪種料理，不時不食是廚師和知軍雄的烹調宗旨，菜單根據時令食材和當日新鮮到店的魚類而定；昆布和柴魚高湯更是每日鮮煮。主廚亦強調食材與配料的味道融合，所以其以新潟米煮的壽司飯會與不同的醋作調和，以帶出不同食材的鮮味。","'JCB_X_Visa_中國銀聯_”_吧檯式","m_一星：優質烹調，不妨一試！_ò_頗舒適(上佳)","https://guide.michelin.com/tw/zh_TW/taipei-region/taipei/restaurant/ken-an-ho","[""25.034624"",""121.55341""]"
"老山東牛肉家常麵店","萬華區西寧南路70號B1之15室(萬年商業大樓),Taipei,108,臺北／臺中","150-250TWD•麵食","於1949年開業，以其手工刀切麵條和牛肉湯俘擄了不少食客的心。牛肉麵湯頭以臺灣牛骨及十種特調的中藥材熬製；現切麵條口感彈牙，吸附滿滿紅燒湯汁，佐以本地與澳洲滷牛肉，滋味十足。每款小菜均當天現做，其中山東泡菜脆口清爽；豬頭肉晶凍以細火慢燉六小時而成，晶瑩剔透，均是熱門之選。","'Takeaway_不設訂位_:_只接受現金_E_無煙餐廳","=_必比登推介：具品質且經濟實惠的美食_2_小店","https://guide.michelin.com/tw/zh_TW/taipei-region/taipei/restaurant/lao-shan-dong-homemade-noodles","[""25.043508"",""121.505886""]"
"Gēn Creative","大安區敦化南路二段63巷24號,Taipei,106,臺北／臺中","1,300-2,600TWD•創新菜","三位合伙人分別來自臺灣、韓國和瓜地馬拉，以「根」為名，在美式風格料理中融入三人的家鄉味，並依據每季的在地食材，變化菜色口味。菜單分為開胃小點、地、海、陸及甜點五類，若二人共享不妨從每個類別中各挑其一。推薦半熟澎湖紅甘和墨式究好豬戰斧豬排，後者選用人道飼養的臺灣豬，其肉質軟嫩，別具風味。","'Takeaway_X_Visa_”_吧檯式_f_室外停車場","‹_米其林餐盤：供應美味菜餚的餐廳_ò_頗舒適","https://guide.michelin.com/tw/zh_TW/taipei-region/taipei/restaurant/gen-creative","[""25.032129"",""121.553743""]"
"蘭","大安區安和路二段83號,Taipei,106,臺北／臺中","1,880-4,280TWD•時尚法國菜","與Monsieur L系出同門，黑金的顏色搭配和耀眼的天花裝飾，格調高雅。混血主廚於2019年上任，曾旅居紐澳兩地，也活躍於臺灣西餐業界，擅長將臺灣菜的細緻風味融入歐陸料理中。菜色烏魚子、甘藷與牛骨髓，以三種迥異的食材，碰撞出令人意想不到的好滋味。即便甜點也帶有臺灣特色。","'JCB_Takeaway_X_Visa_中國銀聯","‹_米其林餐盤：供應美味菜餚的餐廳_ó_舒適","https://guide.michelin.com/tw/zh_TW/taipei-region/taipei/restaurant/orchid","[""25.030237"",""121.552238""]"
"隱丹廚","大安區延吉街261號,Taipei,106,臺北／臺中","999-2,399TWD•時尚西班牙菜","這小餐館由西班牙籍主廚及其妻子共同經營，妻子是外場總帥，凡事親力親為的主廚則專注研發菜色。菜單不缺創意巧思，融合經典西班牙風味和現代烹調技藝，且巧用在地食材，各式海鮮直送自宜蘭大溪港，亦少不了每日新鮮採購的時令食材。清一色西班牙佳釀的酒單不乏精彩之作，餐廳更不定期舉行葡萄酒晚宴。","'JCB_X_Visa_N_供應優質餐酒_f_室外停車場","‹_米其林餐盤：供應美味菜餚的餐廳_ó_舒適","https://guide.michelin.com/tw/zh_TW/taipei-region/taipei/restaurant/hidden-by-dn","[""25.03422"",""121.556841""]"
"鮨七海","信義區仁愛路四段452巷6號,Taipei,110,臺北／臺中","3,800-5,800TWD•壽司","餐廳位於巷弄，店前設日式小庭園，並由身穿和服的服務員引領食客內進。主廚由石橋正和欽點來臺駐店，其壽司飯以赤醋調味，招牌鰻魚棒壽司以其家鄉的八重味噌拌入米飯，配上烤靜岡鰻魚，滋味無窮。最後登場的玉子燒混合了山藥泥和蜂蜜，口感如同濕潤的蜂蜜蛋糕，味甜綿密，韻味悠長。","'JCB_Takeaway_X_Visa_中國銀聯","‹_米其林餐盤：供應美味菜餚的餐廳_ò_頗舒適","https://guide.michelin.com/tw/zh_TW/taipei-region/taipei/restaurant/sushi-nanami-by-masa-ishibashi","[""25.037111"",""121.559124""]"
"磐石坊","大安區樂利路15號,Taipei,臺北／臺中","400-1,000TWD•印尼菜","由印尼華橋創立，曾多次受印尼政府邀請，在此款待外賓，足證其水準。店內陳設著各式各樣的印尼藝術品，如帆船、佛塔、木雕和油畫等，充滿傳統氣息。供應印尼各地的經典菜色，招牌菜為巴東牛肉、串燒和蜂巢爪哇炸雞。若想品嚐更地道的美食，不妨試試富豆香的納豆餅。餐廳亦提供節慶用的祈福飯塔，有需要可提前預訂。","':_只接受現金_E_無煙餐廳_T_空調_需訂位","=_必比登推介：具品質且經濟實惠的美食_ò_頗舒適","https://guide.michelin.com/tw/zh_TW/taipei-region/taipei/restaurant/sate-house","[""25.0280613"",""121.5511862""]"
"香宮","大安區敦化南路二段201號6樓(香格里拉遠東國際大飯店),Taipei,106,臺北／臺中","1,380-6,000TWD•粵菜","走進餐廳，立即會被色調沉穩的灰色長廊吸引目光，大紅燈籠與中式花結點綴其上，在迎賓入口還擺放了中西佳釀，感覺高雅舒適。食物方面，主廚提供了多元的粵菜選擇，盡顯嫻熟的烹調技巧。午餐提供的傳統點心及多款個人套餐，更適合商務宴請及聚會。建議預訂窗邊座位，透過落地玻璃遠眺敦化南路的景色。","'JCB_Takeaway_X_Visa_中國銀聯","‹_米其林餐盤：供應美味菜餚的餐廳_ô_十分舒適(上佳)","https://guide.michelin.com/tw/zh_TW/taipei-region/taipei/restaurant/shang-palace550803","[""25.026362"",""121.54957""]"
"50/50 Cuisine Française","松山區富錦街448號,Taipei,105,臺北／臺中","1,480-3,700TWD•時尚法國菜","簡約淨雅的門楣，在寧靜的住宅區特別引人注目，而室內裝潢同樣時尚，深淺不一的木紋條拼湊成的牆面和大理石地板使餐廳有著輕鬆氣氛。餐廳名字傳達了廚師的理念──傳統與創新各占一半。食材一半取自臺灣，其餘則選自法國及其他地區。招牌菜包括羊肚菌菇麵捲及製作需時兩天的龍蝦濃湯。","'X_Visa_接受信用卡_E_無煙餐廳_{_私人廂房","‹_米其林餐盤：供應美味菜餚的餐廳_ó_舒適","https://guide.michelin.com/tw/zh_TW/taipei-region/taipei/restaurant/50-50-cuisine-francaise","[""25.060756"",""121.561838""]"
"桌藏","大安區和平東路二段76巷23弄9號,Taipei,106,臺北／臺中","1,500-2,980TWD•創新菜","入口處流水潺潺，小徑上鋪滿古董瓦片，進入這所有八十年歷史的日式建築，木製橫樑和懸垂燈飾營造出新舊對比強烈的特別氛圍。廚師以大量在地食材將臺式元素糅合法式料理中，拼湊出味道、口感皆非比尋常的菜色。午餐和晚餐分別提供五或七道菜的套餐，服務團隊默契十足。","'JCB_X_Visa_中國銀聯_K_代客泊車","‹_米其林餐盤：供應美味菜餚的餐廳_ó_舒適","https://guide.michelin.com/tw/zh_TW/taipei-region/taipei/restaurant/toh-a","[""25.02243"",""121.540362""]"
"駱記小炒","大安區通化街39巷50弄27號,Taipei,110,臺北／臺中","100-300TWD•街頭小吃","位置隱蔽但值得造訪。品項不多，炒羊肉或牛肉火候掌控絕佳，炒蚋仔鮮味十足。","'Takeaway_不設訂位_:_只接受現金_E_無煙餐廳","=_必比登推介：具品質且經濟實惠的美食_J_街頭小吃","https://guide.michelin.com/tw/zh_TW/taipei-region/taipei/restaurant/lo-chi-hsiao-chao","[""25.030315"",""121.55536""]"
"御品元冰火湯圓","大安區通化街39巷50弄31號,Taipei,110,臺北／臺中","70-100TWD•街頭小吃","雪白剉冰上放芝麻或花生口味熱湯圓，再淋上桂花蜜，冷熱交融加上淡淡甜味，口感極佳。","'Takeaway_不設訂位_:_只接受現金_E_無煙餐廳","=_必比登推介：具品質且經濟實惠的美食_J_街頭小吃","https://guide.michelin.com/tw/zh_TW/taipei-region/taipei/restaurant/yu-pin-yuan-iced-and-hot-tangyuan","[""25.03025"",""121.55539""]"
"Chateau Zoe","信義區逸仙路32巷7號,Taipei,110,臺北／臺中","1,000-4,000TWD•創新菜","結合酒窖與歐洲料理，環境輕鬆，是上班族聚餐的好地方。主廚為歐洲各地菜餚加入創意，每兩個月更換菜單，並不定期推出時令菜色，為客人帶來新鮮感。熱門選擇包括十二小時油封西班牙脆皮乳豬、來自東北角的炙烤野生小卷，以及宜蘭大溪港進貨的海鮮。不妨請熱情的服務人員提供意見和介紹菜色。","'X_Visa_中國銀聯_f_室外停車場_接受信用卡","‹_米其林餐盤：供應美味菜餚的餐廳_ó_舒適","https://guide.michelin.com/tw/zh_TW/taipei-region/taipei/restaurant/chateau-zoe","[""25.03995"",""121.56221""]"
"格登炸雞","大安區通化街39巷50弄35號,Taipei,110,臺北／臺中","30-150TWD•街頭小吃","必點招牌炸雞和甜不辣外脆內軟，老闆堅持現點現炸，故製作需時，建議趁熱食用。","'Takeaway_不設訂位_:_只接受現金_E_無煙餐廳","‹_米其林餐盤：供應美味菜餚的餐廳_J_街頭小吃","https://guide.michelin.com/tw/zh_TW/taipei-region/taipei/restaurant/golden-fried-chicken","[""25.030191"",""121.55536""]"
"梁記滷味","大安區通化街39巷50弄,Taipei,110,臺北／臺中","150-500TWD•街頭小吃","位於夜市中段，小小長方櫃內滿載豆乾、雞內臟、海帶、鴨翅等廿多款滷味，門庭若市。","'Takeaway_不設訂位_:_只接受現金_E_無煙餐廳","=_必比登推介：具品質且經濟實惠的美食_J_街頭小吃","https://guide.michelin.com/tw/zh_TW/taipei-region/taipei/restaurant/liang-chi-lu-wei","[""25.030014"",""121.55522""]"
"都一處 (信義)","信義區仁愛路四段506號,Taipei,110,臺北／臺中","400-500TWD•京菜","承襲自慈禧御廚的精湛廚藝，讓都一處走過超過一甲子歲月，每道菜都是道地北方佳餚。糟溜魚片選用深海石斑，為店家推薦；以溫體豬腿肉做成的炸丸子，外脆內嫩且充滿肉香，也值得一試。餅食均以小炭爐烤製，耗時費工卻反映店家的堅持，其中供十二人用的蔥油餅乾烙四十分鐘而成，每天限量三份，值得呼朋引伴共享。","'Takeaway_X_Visa_接受信用卡_E_無煙餐廳","=_必比登推介：具品質且經濟實惠的美食_ò_頗舒適","https://guide.michelin.com/tw/zh_TW/taipei-region/taipei/restaurant/do-it-true-xinyi","[""25.037228"",""121.561034""]"
"一甲子餐飲","萬華區康定路79號,Taipei,108,臺北／臺中","55-150TWD•小吃","位於艋舺祖師爺廟旁的臺南風味小店，至今已傳承了三代。老闆每天選用肥瘦均勻的五花肉，佐以自製小黃瓜、酸菜、滷豆乾，以及口感出眾的南部米，製作出招牌焢肉飯。此外，滷肉飯、刈包與麻豆碗粿也是店內熱門小吃，後者更限量供應。如果想嚐嚐北部口味，可以來一碗沙茶味道濃厚的豬血湯佐餐。","'Takeaway_不設訂位_:_只接受現金_E_無煙餐廳","=_必比登推介：具品質且經濟實惠的美食_2_小店","https://guide.michelin.com/tw/zh_TW/taipei-region/taipei/restaurant/yi-jia-zi","[""25.0404085"",""121.5021271""]"
"Ephernité","大安區安和路二段233號,Taipei,106,臺北／臺中","1,800-5,000TWD•時尚法國菜","由曾居於法國的夫妻檔經營，餐廳提倡「產地直送」理念，著重採購在地食材，並與陽明山農夫合作，栽種獨家的農產品每天運抵餐廳。包含三道菜的菜單每天隨當日食材更迭，顧客抵達一刻方會從服務人員口中得知菜色。以法式料理為基調的菜餚賣相精緻，其中每天新鮮預備的蔬菜凍令人回味。另外可以預訂設九道菜的季節菜單。","'JCB_X_Visa_中國銀聯_N_供應優質餐酒","‹_米其林餐盤：供應美味菜餚的餐廳_ó_舒適","https://guide.michelin.com/tw/zh_TW/taipei-region/taipei/restaurant/ephernite","[""25.025144"",""121.550315""]"
"Longtail","大安區敦化南路二段174號,Taipei,106,臺北／臺中","1,400-2,880TWD•創新菜","在富格調的酒吧輕呷一口雞尾酒，是開始晚餐的絕佳方法。其後，你可留在原地用餐，或移師到主餐室甚至廚房邊的餐桌。主廚選用在地或環球優質食材，菜色賣相不甚花巧，味道和質感卻呈現有趣的對比，精湛技巧毋庸置疑。海膽海苔脆飯、帶骨豬里肌及法式咖椰吐司都是巧手之作，團隊更可為你配搭雞尾酒。","'Takeaway_X_Visa_”_吧檯式_M_大來卡(DinersClub)","m_一星：優質烹調，不妨一試！_ò_頗舒適(上佳)","https://guide.michelin.com/tw/zh_TW/taipei-region/taipei/restaurant/longtail","[""25.023938"",""121.548252""]"
"宋廚菜館","信義區忠孝東路五段15巷14號,Taipei,110,臺北／臺中","350-900TWD•京菜","宋廚以皮脆肉嫩的炭爐烤鴨廣為人知，採用來自宜蘭養殖場的土番鴨，廚師以京式不開肚方法處理鴨子，且沒有加入辛香料，以帶出鴨肉本身甜味，烤好的鴨由店東端到客人面前親自片皮。除了烤鴨，各式東北菜亦遠近馳名，用酒糟處理的糟溜魚片北方味十足。需預訂菜色頗多，建議訂位時查詢。","'Takeaway_X_Visa_接受信用卡_E_無煙餐廳","=_必比登推介：具品質且經濟實惠的美食_ò_頗舒適","https://guide.michelin.com/tw/zh_TW/taipei-region/taipei/restaurant/sung-kitchen","[""25.041208"",""121.565286""]"
"阿男麻油雞","中正區中華路二段311巷34號,Taipei,110,臺北／臺中","70-150TWD•街頭小吃","提供四季合宜的養生麻油雞，現場可以添湯；雞腿七時多便售罄，宜早點抵達免撲空。","'Takeaway_不設訂位_:_只接受現金_E_無煙餐廳","‹_米其林餐盤：供應美味菜餚的餐廳_J_街頭小吃","https://guide.michelin.com/tw/zh_TW/taipei-region/taipei/restaurant/a-nan-sesame-oil-chicken","[""25.028942"",""121.50665""]"
"吾旺再季","中正區中華路二段313巷29號,Taipei,100,臺北／臺中","55TWD•街頭小吃","松青潤餅易名後搬至巷弄之內，繼續提供包著紅燒肉、素排骨酥等餡料的潤餅，滋味依然。","'Takeaway_不設訂位_:_只接受現金_E_無煙餐廳","=_必比登推介：具品質且經濟實惠的美食_J_街頭小吃","https://guide.michelin.com/tw/zh_TW/taipei-region/taipei/restaurant/wu-wang-tsai-chi","[""25.02878"",""121.50667""]"
"無名推車燒餅","中正區中華路二段311巷,Taipei,110,臺北／臺中","15TWD•街頭小吃","沒有招牌的推車停駐夜市尾段，常常人龍不斷。販售四款古早味餅食，推薦甜酥餅與長燒餅。","'Takeaway_不設訂位_:_只接受現金_E_無煙餐廳","=_必比登推介：具品質且經濟實惠的美食_J_街頭小吃","https://guide.michelin.com/tw/zh_TW/taipei-region/taipei/restaurant/unnamed-clay-oven-roll","[""25.028404"",""121.50665""]"
"山內雞肉","中正區中華路二段307巷20之3號,Taipei,110,臺北／臺中","70-150TWD•街頭小吃","皮爽肉嫰，份量頗多，十分超值。關門時間不定，若要點選雞腿，建議八時前到達。","'Takeaway_不設訂位_:_只接受現金_E_無煙餐廳","‹_米其林餐盤：供應美味菜餚的餐廳_J_街頭小吃","https://guide.michelin.com/tw/zh_TW/taipei-region/taipei/restaurant/shan-nei-chicken","[""25.029129"",""121.505936""]"
"昶鴻麵點","萬華區華西街15號171號攤,Taipei,108,臺北／臺中","100-200TWD•街頭小吃","開業近半世紀，以招牌湯麵及古早風味的菊花肉麵最受歡迎。小菜中，白斬土雞及豬尾巴為熱門之選。","'Takeaway_不設訂位_:_只接受現金_E_無煙餐廳","=_必比登推介：具品質且經濟實惠的美食_J_街頭小吃","https://guide.michelin.com/tw/zh_TW/taipei-region/taipei/restaurant/chang-hung-noodles","[""25.039707"",""121.498514""]"
"源芳刈包","萬華區華西街17之2號161號攤,Taipei,108,臺北／臺中","50-110TWD•街頭小吃","經營逾一甲子，刈包皮為店家特製，搭配軟嫩多汁的滷五花肉和配料，令人回味再三。四神湯也濃郁鮮美。","'Takeaway_不設訂位_:_只接受現金_E_無煙餐廳","=_必比登推介：具品質且經濟實惠的美食_J_街頭小吃","https://guide.michelin.com/tw/zh_TW/taipei-region/taipei/restaurant/yuan-fang-guabao","[""25.039542"",""121.498529""]"
"臭老闆 現蒸臭豆腐","中正區中華路二段313巷6號,Taipei,110,臺北／臺中","70-150TWD•街頭小吃","適合素食者。軟嫩的臭豆腐散發著淡淡九層塔香氣，可謂一大享受。","'Takeaway_不設訂位_:_只接受現金_E_無煙餐廳","=_必比登推介：具品質且經濟實惠的美食_J_街頭小吃","https://guide.michelin.com/tw/zh_TW/taipei-region/taipei/restaurant/stinky-tofu-boss","[""25.028137"",""121.5061""]"
"小王煮瓜","萬華區華西街17之4號153號攤,Taipei,110,臺北／臺中","100-200TWD•街頭小吃","有「黑金」之稱的滷肉飯入口黏稠，甜而不膩。清湯瓜仔肉湯頭清香回甘，肉塊更保有嚼勁。","'Takeaway_不設訂位_:_只接受現金_E_無煙餐廳","=_必比登推介：具品質且經濟實惠的美食_J_街頭小吃","https://guide.michelin.com/tw/zh_TW/taipei-region/taipei/restaurant/hsiao-wang-steamed-minced-pork-with-pickles-in-broth","[""25.0392"",""121.49849""]"
"台南担仔麵","萬華區華西街31之1號,Taipei,108,臺北／臺中","1,200-5,100TWD•海鮮","別因店名以為這是吃擔仔麵的小店，這可是高檔臺式海鮮餐廳的始祖。顧客可在瑰麗的水晶燈下，使用歐洲名貴餐具享用一頓高雅舒適的海鮮饗宴。熱門的清蒸龍蝦選用基隆野生珠龍蝦，僅以少許淡味醬油提味，完美呈現出臺式海鮮的「清、淡、鮮」好滋味。小巧的擔仔麵、五味九孔與蟹黃焗白菜也不容錯過，冬季莫忘細啖烏魚子。","'JCB_X_Visa_中國銀聯_K_代客泊車","‹_米其林餐盤：供應美味菜餚的餐廳_ó_舒適","https://guide.michelin.com/tw/zh_TW/taipei-region/taipei/restaurant/tainan-tan-tsu-mien-seafood","[""25.037274"",""121.498368""]"
"Chope Chope Eatery","信義區松高路19號4樓(新光三越信義新天地A4館）,Taipei,110,臺北／臺中","1,300-2,800TWD•東南亞菜","在新加坡英文中，Chope是指「佔位子」，當地人到小販中心用餐時會把面紙放在座位上，象徵已被佔用。新加坡主廚從餐廳命名已經致力讓客人體會到其家鄉文化。菜單除了有多款新加坡菜，更兼容南洋元素，如蝦醬雞翅、摩卡排骨與自製的印度烙餅。此外，一系列調酒也不容錯過，如擺設有趣、充滿地道風情的小陳涼茶。","'JCB_Takeaway_X_Visa_”_吧檯式","‹_米其林餐盤：供應美味菜餚的餐廳_ó_舒適","https://guide.michelin.com/tw/zh_TW/taipei-region/taipei/restaurant/chope-chope-eatery","[""25.03912"",""121.56763""]"
"寶艾","信義區松壽路2號2樓(君悅酒店),Taipei,110,臺北／臺中","1,870-7,100TWD•牛排屋","或許這家位處酒店中的寶艾並不如其加州近郊的同名餐廳般舒適，然而卻為那些在商場中透不過氣的人提供了一扇呼吸的窗口，淺色系的地中海式裝潢和大理石水泉居功不少。在這用餐不得不品嚐其招牌美國和澳洲頂級牛排，肋眼品質尤佳。價格不算平易近人但絕對值得。","'JCB_X_Visa_中國銀聯_K_代客泊車","‹_米其林餐盤：供應美味菜餚的餐廳_ó_舒適","https://guide.michelin.com/tw/zh_TW/taipei-region/taipei/restaurant/bel-air","[""25.0303"",""121.56255""]"
"侯布雄","信義區松仁路28號5樓(寶麗廣場),Taipei,110,臺北／臺中","1,580-6,880TWD•時尚法國菜","貫徹了其他分店的設計風格，以紅黑色調，搭配富情調的燈光和開放式廚房，充滿個性。於2019年接任的法籍主廚，是集團於亞洲地區的首位女主廚。除了以上乘的用料和純熟的技巧，延續經典菜餚，更在口味上增添了細膩風格。菜單品項豐富，既有單點或小份量菜色，當然也不乏套餐選擇。","'Maestro_Takeaway_X_Visa_中國銀聯","n_二星：烹調出色，不容錯過！_ó_舒適","https://guide.michelin.com/tw/zh_TW/taipei-region/taipei/restaurant/l-atelier-de-joel-robuchon550759","[""25.039609"",""121.56814""]"
"寒舍食譜","信義區松仁路38號2樓(寒舍艾美酒店),Taipei,110,臺北／臺中","1,380-3,980TWD•粵菜","低調謙卑的名字，配以紅黑色調的裝潢和水墨畫作，充滿格調和品味。主廚於臺灣土生土長，但烹調粵菜經驗到家，聯同廚師團隊成員，以優質材料呈現傳統風味。無論點心、燒味或小菜，都令人留下深刻印象。得意之作包括脆皮先知鴨、XO醬乾炒蘿蔔糕，以及採用上肩肉製作、帶焦香的古法叉燒。","'JCB_Takeaway_X_Visa_中國銀聯","‹_米其林餐盤：供應美味菜餚的餐廳_ó_舒適","https://guide.michelin.com/tw/zh_TW/taipei-region/taipei/restaurant/my-humble-house","[""25.038201"",""121.567965""]"
"頁小館","中山區北安路595巷20弄4號,Taipei,104,臺北／臺中","700-2,200TWD•國際菜","餐廳內放滿了吉他、唱片和各種音樂紀念品，客人更可在精挑細選的樂韻襯托下，欣賞廚師團隊在開放式廚房裡忙碌的身影。主廚擅於將破布子、桶仔雞等亞洲元素，糅合經典西式菜餚。黑白切更是這裡的招牌菜，把家喻戶曉的臺灣攤販小吃，以西式香料重新詮釋。酒單上除了葡萄酒，也有多種日本清酒和手工啤酒。","'Takeaway_X_Visa_接受信用卡_E_無煙餐廳","‹_米其林餐盤：供應美味菜餚的餐廳_ò_頗舒適","https://guide.michelin.com/tw/zh_TW/taipei-region/taipei/restaurant/page","[""25.08184"",""121.547774""]"
"藍家割包","中正區羅斯福路三段316巷8弄3號,Taipei,110,臺北／臺中","55-175TWD•街頭小吃","夾著花生粉、香菜、酸菜與滷肉的割包口感鬆軟，味道具層次，更可自選滷肉的肥瘦度。","'Takeaway_不設訂位_:_只接受現金_E_無煙餐廳","=_必比登推介：具品質且經濟實惠的美食_J_街頭小吃","https://guide.michelin.com/tw/zh_TW/taipei-region/taipei/restaurant/lan-chia-guabao","[""25.015781"",""121.53254""]"
"The Ukai","信義區松仁路100號46樓(微風南山),Taipei,110,臺北／臺中","2,500-7,500TWD•鐵板燒","日本Ukai集團在臺灣的第二家餐廳，環境優雅有格調，座位都依著落地窗，可遠眺山景與城內景色。集團分店的菜單均由各自的日籍料理長擬定，唯一相同的是其西式風格。提供兩種無菜單套餐，建議選擇晚間七道菜的六千元套餐，除了和牛主菜，也包含鮑魚岩鹽蒸、蒜香炒飯等經典菜式。用餐後不妨到休息區享用蓬鬆的戚風蛋糕。","'JCB_X_Visa_e_上佳景觀_中國銀聯","‹_米其林餐盤：供應美味菜餚的餐廳_ó_舒適","https://guide.michelin.com/tw/zh_TW/taipei-region/taipei/restaurant/the-ukai","[""25.034418"",""121.567301""]"
"米香","中山區樂群二路55號3樓(美福大飯店),Taipei,110,臺北／臺中","1,800-3,800TWD•臺灣菜","以「米香」命名，傳達米食文化在臺灣的重要性。數十年的烹調及於海外工作遊歷的背景，讓主廚創造出嶄新而細膩的家常菜。譬如在魚皮白菜魯中添加宜蘭鴨蛋酥，真材實料。黑棗蜜汁排骨鹹甜軟嫩，是搭配米飯的必點菜色。裝潢富麗堂皇，落地大窗令環境更通透明亮。加上份量精緻，商務宴請或小型聚會皆適宜。","'JCB_Takeaway_X_Visa_中國銀聯","m_一星：優質烹調，不妨一試！_ó_舒適","https://guide.michelin.com/tw/zh_TW/taipei-region/taipei/restaurant/mipon","[""25.080373"",""121.553699""]"
"穆記牛肉麵","信義區吳興街239號,Taipei,110,臺北／臺中","100-300TWD•麵食","店家每天七點就開始熬製湯頭，其秘方除了牛肉、中藥材及每天更換的骨頭等外，還包括了水果，因此特別甜美。牛肉麵採用本地產的牛肉，鮮度十足。斤餅製作從頭到尾由店家一手包辦，與滷味同樣不能錯過。店家待客周到，會細心講解外帶的處理，確保客人吃到應有風味。","'Takeaway_不設訂位_:_只接受現金_E_無煙餐廳","‹_米其林餐盤：供應美味菜餚的餐廳_2_小店","https://guide.michelin.com/tw/zh_TW/taipei-region/taipei/restaurant/muji-beef-noodles","[""25.027541"",""121.563283""]"
"紅燒牛肉麵牛雜湯","松山區饒河街63號,Taipei,110,臺北／臺中","80-300TWD•街頭小吃","店面欠牌匾，須認明牛頭圖樣。牛雜湯口感豐富。乾拌麵以肉燥搭配醬油膏，滋味讓人無法忘懷。","'Takeaway_不設訂位_:_只接受現金_E_無煙餐廳","=_必比登推介：具品質且經濟實惠的美食_J_街頭小吃","https://guide.michelin.com/tw/zh_TW/taipei-region/taipei/restaurant/beef-noodles-and-beef-entrails-soup","[""25.0503"",""121.57307""]"
"教父牛排","中山區樂群三路58號,Taipei,104,臺北／臺中","1,280-3,380TWD•牛排屋","主廚擁有四十年料理牛肉的經驗，除了頂級美國濕式熟成牛肉、日本及澳洲和牛外，更推出自家熟成十四天以上的美國乾式熟成牛肉。肉品皆以荔枝木烹調，帶有獨特香氣，加上主廚對火候和時間掌握得宜，令人再三回味。特別推薦軟嫩多汁的老饕牛排。服務細心，價格相對實惠，更設有小型包廂，適合宴請和聚會。","'JCB_X_Visa_中國銀聯_”_吧檯式","m_一星：優質烹調，不妨一試！_ó_舒適","https://guide.michelin.com/tw/zh_TW/taipei-region/taipei/restaurant/danny-s-steakhouse","[""25.082486"",""121.552789""]"
"雄記蔥抓餅","中正區羅斯福路四段108巷2號,Taipei,110,臺北／臺中","25-65TWD•街頭小吃","蔥抓餅餅皮外脆內嫩，搭配特製的蜂蜜芥末醬和九層塔，香味四溢，毫不油膩。","'Takeaway_不設訂位_:_只接受現金_E_無煙餐廳","=_必比登推介：具品質且經濟實惠的美食_J_街頭小吃","https://guide.michelin.com/tw/zh_TW/taipei-region/taipei/restaurant/hsiung-chi-scallion-pancake","[""25.01337"",""121.53521""]"
"東發號","松山區饒河街94號,Taipei,110,臺北／臺中","60-100TWD•街頭小吃","由顏老先生於1937年創立，繼承的女兒繼續以清湯烹煮蚵仔麵線，成品鮮甜甘美。","'Takeaway_不設訂位_:_只接受現金_E_無煙餐廳","‹_米其林餐盤：供應美味菜餚的餐廳_J_街頭小吃","https://guide.michelin.com/tw/zh_TW/taipei-region/taipei/restaurant/tung-fa-hao","[""25.05044"",""121.57419""]"
"麻糬寶寶","松山區饒河街111號前,Taipei,110,臺北／臺中","30-60TWD•街頭小吃","檔主帶著透明廚櫃在此經營十多年，所賣的小麻糬每天鮮做，口感軟糯且帶糯米香。","'Takeaway_不設訂位_:_只接受現金_E_無煙餐廳","‹_米其林餐盤：供應美味菜餚的餐廳_J_街頭小吃","https://guide.michelin.com/tw/zh_TW/taipei-region/taipei/restaurant/mochi-baby","[""25.050383"",""121.57429""]"
"讚","士林區承德路四段192之1號B1,Taipei,111,臺北／臺中","1,800-8,500TWD•鐵板燒","用餐環境雅致，融合義大利彩色玻璃窗、中式古典桌椅及名貴餐具，彰顯對細節的講究。資深主廚曾於日本鐵板燒名店受訓，堅持採用有機蔬菜、現撈與野生漁獲。特別推薦美國原種極黑牛、昆布鹽燜鮑魚，以及澎湖野生明蝦佐法式醬。同時提供日本各等級之和牛，其中飛驒牛的風味尤其出色，須提前預訂。","'X_Visa_”_吧檯式_f_室外停車場_接受信用卡","‹_米其林餐盤：供應美味菜餚的餐廳_ó_舒適(上佳)","https://guide.michelin.com/tw/zh_TW/taipei-region/taipei/restaurant/zan-1188096","[""25.087711"",""121.522072""]"
"心潮飯店","信義區忠孝東路五段68號2樓(微風信義),Taipei,110,臺北／臺中","500-1,000TWD•臺灣菜","裝潢參考1920年代的美國唐人街中餐館，墨綠色絨面沙發、大理石餐桌和馬賽克磁磚，復古之餘充滿型格。菜色方面，以炒飯為主軸，搭配具創意的新式臺菜及特色飲料，冀扭轉臺菜的老氣形象。其中烏魚子鮮蝦炒飯的白米用火龍果汁浸泡，呈漂亮的玫瑰粉色，極具巧思。經典菜如紅糟肉亦處理得宜，香酥多汁，值得品嚐。","'JCB_X_Visa_中國銀聯_M_大來卡(DinersClub)","‹_米其林餐盤：供應美味菜餚的餐廳_ó_舒適","https://guide.michelin.com/tw/zh_TW/taipei-region/taipei/restaurant/sinchao-rice-shoppe","[""25.03998"",""121.57401""]"
"好朋友涼麵","士林區大南路31號,Taipei,110,臺北／臺中","45-95TWD•街頭小吃","麻醬涼麵除了麻醬香，更滲出檸檬清香，與別不同；也可加上特製辣醬。別忘了配上一碗臺式味噌湯加蛋。","'Takeaway_不設訂位_:_只接受現金_E_無煙餐廳","=_必比登推介：具品質且經濟實惠的美食_J_街頭小吃","https://guide.michelin.com/tw/zh_TW/taipei-region/taipei/restaurant/good-friend-cold-noodles","[""25.08912"",""121.52554""]"
"陳董藥燉排骨","松山區饒河街160號,Taipei,105,臺北／臺中","80-120TWD•街頭小吃","屹立三十餘年，以豬肋骨及中藥材燉煮而成的湯頭呈琥珀色，清甜溫潤。喜愛滋補者可來一客藥燉羊肉。","'Takeaway_不設訂位_:_只接受現金_E_無煙餐廳","=_必比登推介：具品質且經濟實惠的美食_J_街頭小吃","https://guide.michelin.com/tw/zh_TW/taipei-region/taipei/restaurant/chen-tung-pork-ribs-medicinal-herbs-soup-1190565","[""25.05049"",""121.57585""]"
"鍾家原上海生煎包","士林區小東街38號,Taipei,110,臺北／臺中","14TWD•街頭小吃","夜市內的老字號，每個生煎包都煎得底部酥脆，外皮鬆軟。有高麗菜和鮮肉口味。","'Takeaway_不設訂位_:_只接受現金_E_無煙餐廳","=_必比登推介：具品質且經濟實惠的美食_J_街頭小吃","https://guide.michelin.com/tw/zh_TW/taipei-region/taipei/restaurant/chung-chia-sheng-jian-bao","[""25.089474"",""121.52635""]"
"阿輝麵線","士林區大南路52之1號,Taipei,110,臺北／臺中","30-140TWD•街頭小吃","攤子臨近廟口，不設座位。麵線帶蔬菜甜味，實而不華，設兩種份量，也可加配花枝或大腸。","'Takeaway_不設訂位_:_只接受現金_E_無煙餐廳","‹_米其林餐盤：供應美味菜餚的餐廳_J_街頭小吃","https://guide.michelin.com/tw/zh_TW/taipei-region/taipei/restaurant/a-hui-vermicelli","[""25.089432"",""121.52463""]"
"海友十全排骨","士林區大東路49號,Taipei,110,臺北／臺中","90-200TWD•街頭小吃","開店逾四十年，其湯品以秘方燉製，每種使用十五種以上中藥材，香醇味美且具保健功效。","'Takeaway_不設訂位_:_只接受現金_E_無煙餐廳","=_必比登推介：具品質且經濟實惠的美食_J_街頭小吃","https://guide.michelin.com/tw/zh_TW/taipei-region/taipei/restaurant/hai-yu-pork-ribs","[""25.08976"",""121.52537""]"
"態芮","中山區樂群三路299號6樓,Taipei,104,臺北／臺中","2,180-4,680TWD•創新菜","電梯門徐徐開啟，一千多片恍似懸浮於天花的銅片叫人目眩神馳，就座後仍目不暇給。主廚兼具中西菜背景，將時令在地食材，融合西式手法，重新詮釋臺灣料理的精神與文化意涵。晚餐手路菜套餐中，九道菜都取材臺灣經典好菜，並帶有極具趣味的名稱。透過團隊親切的解說，可細味寶島各地的飲食特色。","'JCB_X_Visa_中國銀聯_接受信用卡","n_二星：烹調出色，不容錯過！_ó_舒適","https://guide.michelin.com/tw/zh_TW/taipei-region/taipei/restaurant/tairroir","[""25.082896"",""121.559303""]"
"祥雲龍吟","中山區樂群三路301號5樓,Taipei,104,臺北／臺中","4,500-6,500TWD•時尚日本菜","與東京的龍吟同出一脈，此店主廚常常走訪在地農場，以上乘食材、糅合傳統與現代的烹調技巧，造就令人回味的日本料理。踏入餐廳，會先獲邀到等候區品茶，為饗宴打開序幕。其中，招牌菜乳鴿採用一個月大的屏東乳鴿，以稻草和備長炭燒烤，肉質細嫩滋味。鰻魚則會按季節採不同烹調方式，亦大受歡迎。","'JCB_X_Visa_中國銀聯_1_供應優質清酒","n_二星：烹調出色，不容錯過！_ô_十分舒適(上佳)","https://guide.michelin.com/tw/zh_TW/taipei-region/taipei/restaurant/shoun-ryugin","[""25.082851"",""121.559486""]"
"福州世祖胡椒餅","松山區饒河街249號,Taipei,110,臺北／臺中","55TWD•街頭小吃","胡椒餅現做現賣，皮薄香脆，餡料肉汁淋漓且充滿辛香胡椒味。極受歡迎，常見人龍。","'Takeaway_不設訂位_:_只接受現金_E_無煙餐廳","‹_米其林餐盤：供應美味菜餚的餐廳_J_街頭小吃","https://guide.michelin.com/tw/zh_TW/taipei-region/taipei/restaurant/fuzhou-black-pepper-bun","[""25.050928"",""121.577354""]"
"阿國滷味","松山區饒河街226號,Taipei,110,臺北／臺中","50-300TWD•街頭小吃","位處夜市入口，售賣各式滷味，其中鴨翅和脆腸大受歡迎，亦推薦爽脆清甜的玉米筍。","'Takeaway_不設訂位_:_只接受現金_E_無煙餐廳","=_必比登推介：具品質且經濟實惠的美食_J_街頭小吃","https://guide.michelin.com/tw/zh_TW/taipei-region/taipei/restaurant/a-kuo-lu-wei","[""25.050865"",""121.57748""]"
"Raw","中山區樂群三路301號,Taipei,104,臺北／臺中","1,850-3,500TWD•創新菜","廚師江振誠憑著新加坡André打響名堂，其後回歸出生地開設了這家餐廳。其內部由兩個巨形流線型木製雕刻貫穿，叫人難以將目光從中轉移，然而食物應獲得同等的注目──九道菜的套餐展示一系列具創意的菜餚，擺盤精緻現代，呈現豐富的味道與質感，部分菜色更滲入了臺灣小吃元素。唯要從網上系統成功訂位，讀者還真需要多一點耐性。","'JCB_X_Visa_中國銀聯_接受信用卡","n_二星：烹調出色，不容錯過！_ò_頗舒適(上佳)","https://guide.michelin.com/tw/zh_TW/taipei-region/taipei/restaurant/raw","[""25.08302"",""121.559596""]"
"美福乾式熟成牛排館","內湖區民善街128號2樓,Taipei,114,臺北／臺中","1,680-7,000TWD•牛排屋","由臺灣最大肉品進口商經營，乾式熟成室耗資千萬建造，並由有乾式熟成教父美名的陳重光執掌。店內牛排來自美國內布拉斯加州，熟成28天，甚至可客製至128天，建議於訂位時預留喜好的天數和部位。除了單點牛排，另有乾式熟成21天的宜蘭櫻桃鴨胸、美國極黑豬肉、濕式牛排套餐。用餐後更可到訪樓下的肉品超市。","'JCB_X_Visa_中國銀聯_接受信用卡","‹_米其林餐盤：供應美味菜餚的餐廳_ó_舒適","https://guide.michelin.com/tw/zh_TW/taipei-region/taipei/restaurant/fresh-aged","[""25.06104"",""121.57636""]"
"鐵板教父","中山區植福路215號,Taipei,104,臺北／臺中","800-8,000TWD•鐵板燒","創辦人首創將養生概念融入鐵板燒料理，並採用在地食材和苦茶油，以及少油少鹽的烹調手法，令客人吃得更健康。入座後，可以欣賞一下牆上的藝術品，然後享用以多種有機蔬果製成的五色拿鐵。設多種套餐，其中美國沙朗牛肉捲多汁可口，值得推薦。也不要錯過爆米花與舒芙蕾等鐵板現做甜點。","'Maestro_Takeaway_X_Visa_中國銀聯","‹_米其林餐盤：供應美味菜餚的餐廳_ó_舒適(上佳)","https://guide.michelin.com/tw/zh_TW/taipei-region/taipei/restaurant/iron-chef-teppanyaki","[""25.0828493"",""121.5606785""]"
"N°168 Prime牛排館 (中山）","中山區敬業四路168號4樓(維多麗亞酒店),Taipei,104,臺北／臺中","1,080-7,100TWD•牛排屋","室內裝潢以寶藍色為主調，投射在地板上的168字樣與橡木堆起的牆面相映成趣。餐廳提供美國牛、澳洲9+和牛和日本A5宮崎和牛，每件均使用夢幻橡木烤箱烘烤，帶著淡淡炭火香氣，十分可口。推薦美國神戶肋眼牛排及澳洲9+和牛肋眼牛排。店內輕快的音樂營造輕鬆氣氛；服務團隊友善而周到。","'JCB_X_Visa_中國銀聯_M_大來卡(DinersClub)","‹_米其林餐盤：供應美味菜餚的餐廳_ó_舒適","https://guide.michelin.com/tw/zh_TW/taipei-region/taipei/restaurant/n%C2%B0168-prime-steakhouse-zhongshan","[""25.084325"",""121.558713""]"
"景美鵝媽媽","文山區景美街37之3號,Taipei,110,臺北／臺中","80-300TWD•街頭小吃","招牌鵝肉肉質柔嫩，白切的清甜，煙燻的香氣濃郁。另有鴨肉與鴨肉麵類可供選擇。","'Takeaway_不設訂位_:_只接受現金_E_無煙餐廳","‹_米其林餐盤：供應美味菜餚的餐廳_J_街頭小吃","https://guide.michelin.com/tw/zh_TW/taipei-region/taipei/restaurant/mother-goose-noodles","[""24.99148"",""121.54188""]"
"義興樓","文山區景文街121號,Taipei,116,臺北／臺中","250-600TWD•臺灣菜","創於1938年，至今已傳至第四代，一直為食客帶來經濟實惠的古早臺灣料理。招牌菜金錢蝦以豬後腿的豬油剖成袋狀包覆內餡，並炸成金黃的小圓餅，一口咬下鮮美肉汁如爆漿般溢出，叫人讚嘆；另一推介為炒豬頭骨肉，口感帶嚼勁。環境雖古樸簡單，一道道菜色卻令人憶起農村時期令人回味無窮的老好滋味。","'Takeaway_:_只接受現金_E_無煙餐廳_T_空調","‹_米其林餐盤：供應美味菜餚的餐廳_ò_頗舒適","https://guide.michelin.com/tw/zh_TW/taipei-region/taipei/restaurant/yi-hsing-pavilion","[""24.990412"",""121.541221""]"
"景美米粉湯","文山區景美街119號,Taipei,110,臺北／臺中","40-195TWD•街頭小吃","粗米粉吸盡大骨精華，滑嫩而不軟爛。炸三鮮外酥內嫩，搭配脆口的醃黃瓜，不容錯過。","'Takeaway_不設訂位_:_只接受現金_E_無煙餐廳","‹_米其林餐盤：供應美味菜餚的餐廳_J_街頭小吃","https://guide.michelin.com/tw/zh_TW/taipei-region/taipei/restaurant/jingmei-thick-rice-noodles","[""24.989897"",""121.5413""]"
"番紅花印度美饌","士林區天母東路38之6號,Taipei,111,臺北／臺中","700-1,000TWD•印度菜","裝潢展現出高級餐廳的氣派與格調，紅磚白牆亦配合其印度餐廳的風格。食客坐在棗紅色的天花吊燈下，邊用餐邊欣賞印籍廚師即場製作印度薄餅，印度氣氛情懷洋溢而出。餐廳的招牌菜色為喀拉拉雞肉咖哩及芫荽雞肉咖哩。菜色選擇眾多，若難以決擇不妨讓訓練有素的服務生為你提供意見。","'JCB_Takeaway_X_Visa_M_大來卡(DinersClub)","=_必比登推介：具品質且經濟實惠的美食_ó_舒適","https://guide.michelin.com/tw/zh_TW/taipei-region/taipei/restaurant/saffron","[""25.117557"",""121.532808""]"
"馨亞","士林區天母東路80號,Taipei,臺北／臺中","1,300-2,700TWD•法國菜","喜愛葡萄酒的食客，定會愛上這家提供法國鄉村料理的小酒館。除了可品嚐鄉村冷肉派、法式洋蔥湯、脆皮油封鴨腿等經典菜餚，亦有慢燉和牛臉頰等每日精選菜單。菜色沒有華麗擺盤，卻充滿樸實的法式美味。酒單之多元令人眼前一亮，包含六百種單瓶選項，還有單杯和壺裝，價格合理，酒單更定期更換，可請教侍酒師餐酒搭配建議。","'X_Visa_N_供應優質餐酒_接受信用卡_E_無煙餐廳","‹_米其林餐盤：供應美味菜餚的餐廳_ó_舒適","https://guide.michelin.com/tw/zh_TW/taipei-region/taipei/restaurant/bistro-le-jardin","[""25.11807"",""121.53534""]"
"女娘的店","士林區天母東路97號,Taipei,111,臺北／臺中","400-800TWD•臺灣菜","從店外的竹籬、木門前的門聯、古老的飯桌以至四周的器物，餐廳裡裡外外皆仿照五十年代的臺灣農村而製。菜餚也充滿古早味，以溫體黑毛豬腹料理的烘肉口感滑嫩且不油膩，為必點招牌菜色；三杯田雞在鍋子中滋滋作響，香味四溢，更是使人欲罷不能；更別忘了來一碗豬油飯。欲品嚐務必提前訂位。","'Takeaway_:_只接受現金_f_室外停車場_E_無煙餐廳","=_必比登推介：具品質且經濟實惠的美食_ò_頗舒適","https://guide.michelin.com/tw/zh_TW/taipei-region/taipei/restaurant/mother-s-kitchen","[""25.118305"",""121.536""]"
"金蓬萊遵古台菜","士林區天母東路101號,Taipei,111,臺北／臺中","800-1,500TWD•臺灣菜","家族經營的金蓬萊始於六十年代的北投，最初供應搭配酒品享用的酒家菜，調味偏向濃重。現時掌勺的第三代仍沿用家族秘方，例如招牌菜排骨酥，選用臺灣豬隻的腹斜排，以不同油溫炸兩次，以保留水分同時令外表酥脆；須預訂的肚包雞鍋以大豬肚包覆起骨小土雞及十多種食材，以秘方藥材慢火燉七小時而成，適合多人共享。","'JCB_Takeaway_X_Visa_中國銀聯","m_一星：優質烹調，不妨一試！_ó_舒適","https://guide.michelin.com/tw/zh_TW/taipei-region/taipei/restaurant/golden-formosa","[""25.118368"",""121.536248""]"
"興蓬萊台菜","士林區中山北路七段55號,Taipei,111,臺北／臺中","500-700TWD•臺灣菜","於1987年開業的餐廳現已交棒至第二代，雖曾兩次遷址，老顧客依舊接踵而至。老闆承襲了父輩好手藝和招牌菜，其中排骨酥選用溫體黑毛豬肋排，以秘方醃製後炸至金黃，厚實酥香，不愧為鎮店招牌。羊奶埔土雞盅以採自拉拉山的羊奶埔根莖與土雞燉煮數小時，多少饕客慕名而至。白斬放山雞膠質豐厚，吃罷香氣於口腔縈繞，也不容錯過。","'Takeaway_X_Visa_接受信用卡_E_無煙餐廳","‹_米其林餐盤：供應美味菜餚的餐廳_ó_舒適","https://guide.michelin.com/tw/zh_TW/taipei-region/taipei/restaurant/shing-peng-lai","[""25.120419"",""121.53094""]"
"Pasti Trattoria","南港區中南街30號,Taipei,115,臺北／臺中","3,200-6,000TWD•義大利菜","店內裝潢出自主廚夫婦之手，牆上不乏義大利地圖及各種食材介紹，彰顯兩位對料理的熱愛。他們擅長利用新鮮食材，佐以橄欖油和香料，烹調出傳統義大利美食。所有海鮮均購自漁港，並根據時令頻繁地更換菜單。熱門菜色有阿瑪菲烤白帶魚捲煙燻起司、米蘭大象耳朵，以及老闆娘親手製作的西西里黃檸檬凍。","'JCB_X_Visa_中國銀聯_f_室外停車場","‹_米其林餐盤：供應美味菜餚的餐廳_ò_頗舒適","https://guide.michelin.com/tw/zh_TW/taipei-region/taipei/restaurant/pasti-trattoria","[""25.05456"",""121.61516""]"
"欣葉小聚 (南港)","南港區經貿二路166號(中國信託金融園區A棟),Taipei,115,臺北／臺中","500-700TWD•臺灣菜","欣葉名下專攻小家庭的品牌，菜餚專為二至四人小型聚會而設，並迎合健康飲食潮流，調味上較少油和鹽，且提供多樣蔬食料理。菜單上除了有菜脯蛋、紅蟳米糕等傳統臺菜，也有融入創意的新菜色，如以糯米椒炒皮蛋的青龍皮皮挫。高聳的天花，配合整片落地窗讓陽光灑落，視野遼闊且典雅溫馨。","'JCB_Takeaway_X_Visa_中國銀聯","=_必比登推介：具品質且經濟實惠的美食_ò_頗舒適","https://guide.michelin.com/tw/zh_TW/taipei-region/taipei/restaurant/shin-yeh-shiao-ju-nangang","[""25.058488"",""121.616285""]"
"The Restaurant","北投區中山路32號(三二行館),Taipei,112,臺北／臺中","1,380-6,000TWD•時尚歐陸菜","坐落於溫泉酒店內，偌大的空間設開放式廚房，也可選擇於陽臺用餐。中午時段，陽光灑落在落地窗邊，看著戶外充滿綠意的景色，讓人感到無限放鬆。主廚善用在地食材，糅合亞洲風味和歐陸料理手法，設計出每季更換的菜單，廣受好評。除了來此品嚐美食，許多旅客也會在該酒店泡湯，不妨安排半日的湯屋美食之旅。","'JCB_X_Visa_中國銀聯_K_代客泊車","‹_米其林餐盤：供應美味菜餚的餐廳_ó_舒適(上佳)","https://guide.michelin.com/tw/zh_TW/taipei-region/taipei/restaurant/the-restaurant","[""25.137712"",""121.510365""]"
"蓬萊","北投區中和街238號,Taipei,112,臺北／臺中","200-400TWD•臺灣菜","由陳良枝開創的蓬萊以酒家菜起家，現由第三代接手經營。快將失傳的老臺菜如蟳肉蚵仔羹、螺肉魷魚蒜鍋等，仍然保留在菜單上。很多食客專程來品嚐軟玉豆腐，有別於包入香蕉的傳統版本，餐廳改以豆腐包著火腿、蝦仁和香菜。別忘了來一客招牌排骨酥，連著骨頭的小排經二十小時醃製，令人吮指回味。","'Takeaway_:_只接受現金_E_無煙餐廳_T_空調","‹_米其林餐盤：供應美味菜餚的餐廳_ò_頗舒適","https://guide.michelin.com/tw/zh_TW/taipei-region/taipei/restaurant/peng-lai","[""25.139451"",""121.501449""]"
"松竹園","士林區永公路546號,Taipei,臺北／臺中","400-800TWD•臺灣菜","屹立超過三十年，以自家飼養的土雞料理聞名，尤其是招牌白斬古早雞，皮滑肉嫩。古早味滷肉、清蒸羊肉也大受歡迎，秋冬更可點上一鍋雞湯，暖心也暖胃。也不妨試試檳榔花、川七、紅菜等野菜，或者以甜點手工芋泥捲作結。環境清幽，適合與親友規劃半日遊，造訪絹絲瀑布或冷水坑步道。周末宜提前訂位。","':_只接受現金_E_無煙餐廳_T_空調_a_輪椅通道","=_必比登推介：具品質且經濟實惠的美食_ò_頗舒適","https://guide.michelin.com/tw/zh_TW/taipei-region/taipei/restaurant/sung-chu-yuan","[""25.13954"",""121.56749""]"
"陽明春天 (士林)","士林區菁山路119之1號,Taipei,臺北／臺中","1,280-2,280TWD•素食","餐廳外的石礫步道，傍以兩側的松樹盆景，雅致且富禪意。本著”不時不食、以食養身”的精神，提供三種不同價位的純淨素食套餐，主廚依當日採買的食材，炮製出融合西式與日式風格的佳餚。特別推薦十一道菜的璞真套餐。入座後奉上老普洱茶，飯後則有日式抹茶佐茶點，細膩之處令人心曠神怡。建議訂位。","'X_Visa_f_室外停車場_接受信用卡_E_無煙餐廳","‹_米其林餐盤：供應美味菜餚的餐廳_米其林綠星:美食與永續_ó_舒適","https://guide.michelin.com/tw/zh_TW/taipei-region/taipei/restaurant/yangming-spring-shilin","[""25.14409"",""121.55956""]"
"松園禪林 - 原心","士林區菁山路101巷160號,Taipei,111,臺北／臺中","1,650TWD•創新菜","松園禪林位處靜謐的陽明山公園內，只有十六張餐桌的餐廳以日本風格裝潢，各位置均可眺望如畫的園林景色，叫人悠然神往。顧客可品嚐包含八道菜的無菜單套餐，廚師按季節變換菜色，烹調風格兼收日本、廣東和老臺灣特色。飽餐一頓後別忘了遊覽公園和細賞壯麗的風景。","'X_Visa_e_上佳景觀_中國銀聯_f_室外停車場","‹_米其林餐盤：供應美味菜餚的餐廳_ò_頗舒適","https://guide.michelin.com/tw/zh_TW/taipei-region/taipei/restaurant/pine-garden","[""25.158894"",""121.56554""]"
"陳明統爌肉飯","東區忠孝路304號,Taichung,臺北／臺中","80-150TWD•小吃","以簡樸店面經營逾半個世紀，是臺中知名的銅板小吃店。其爌肉飯不能錯過，爌肉用冰糖、甘蔗及秘製滷汁等調味，以手工陶土甕滷三小時而成，色澤明亮，入口即化，可點選腿庫或三層肉部位。爌肉飯淋上了滷汁，鹹香味濃。店家不定時供應碎肉飯，可提前詢問。搭配白菜滷等充滿古早味的小菜，加倍滿足。","'不設訂位_:_只接受現金_E_無煙餐廳","=_必比登推介：具品質且經濟實惠的美食_2_小店","https://guide.michelin.com/tw/zh_TW/taichung-region/taichung/restaurant/chen-ming-tung-braised-pork-rice","[""24.80436"",""120.98463""]"
"牛稼莊","東勢區新豐街7號,Taichung,臺北／臺中","300-600TWD•客家菜","創立於1960年，921大地震時遭無情摧毀，重建後將客家文化融入裝潢之中，由知名藝術家創作出炫目艷麗的外牆噴畫。餐廳特色是全牛料理，選用臺中在地黃牛，溫體新鮮送達。蔥爆骨髓與清爽彈牙的涼拌肚王都是店內招牌，此外，不妨試試爽脆的苦瓜鹹蛋。由於客家菜偏於鹹、香、油，如果想清淡一點，可提前告知。","'Takeaway_X_Visa_f_室外停車場_接受信用卡","=_必比登推介：具品質且經濟實惠的美食_ò_頗舒適","https://guide.michelin.com/tw/zh_TW/taichung-region/taichung/restaurant/niou-jia-juang","[""24.26263"",""120.82465""]"
"菇神","新社區協中街287號,Taichung,臺北／臺中","400-600TWD•臺灣菜","三代經營香菇事業的老闆，於新社這個香菇盛產地，創立出的香菇主題餐廳。採用半自助服務，氣氛輕鬆。招牌菜原木冬菇土雞雞湯，以半野生原木冬菇及多種菇類熬煮湯底，濃郁香醇。另有各式加入菇類的臺菜，如鹹香滋味的三杯猴頭菇，以及用料豐盛的花菇肉燥飯。鄰近大坑與新社花海，值得休閒造訪。","'X_Visa_f_室外停車場_接受信用卡_E_無煙餐廳","=_必比登推介：具品質且經濟實惠的美食_ò_頗舒適","https://guide.michelin.com/tw/zh_TW/taichung-region/taichung/restaurant/master-of-mushroom","[""24.20277"",""120.79763""]"
"又見一炊煙","新社區中興嶺街一段107號,Taichung,臺北／臺中","1,280TWD•創新菜","坐落於著名花鄉新社，四周綠意盎然，配合日式庭園造景，讓人感到放鬆。其無菜單料理受不同時令啟發，並融入日式與西式烹調元素。在室內用餐區的塌塌米空間完成主餐後，建議移到室外廊道上，一邊享用甜點，一邊感受微風吹拂。也不妨安排一趟綠意之旅，欣賞落羽松或花海。唯不招待十二歲以下孩童。","'JCB_X_Visa_中國銀聯_f_室外停車場","‹_米其林餐盤：供應美味菜餚的餐廳_ò_頗舒適","https://guide.michelin.com/tw/zh_TW/taichung-region/taichung/restaurant/fooding-smoke","[""24.20678"",""120.79004""]"
"東山棧","北屯區東山路一段380號,Taichung,406,臺北／臺中","500-800TWD•臺灣菜","東山棧於1999年開業，2019年遷至佔地三層的現址，用餐環境舒適。招牌菜甕缸雞精選2.5至3公斤的黑羽土雞，以龍眼木烤製而成，皮香肉嫩，風味非凡。客人可以選擇原隻上桌，自行扒雞進食，或由店家代為切開，佐雞汁同吃。紹興醉蝦和以雞汁燜煮的菜色亦深受歡迎。","'JCB_Takeaway_X_Visa_中國銀聯","=_必比登推介：具品質且經濟實惠的美食_ò_頗舒適","https://guide.michelin.com/tw/zh_TW/taichung-region/taichung/restaurant/dong-shan-zhan","[""24.17669"",""120.7289""]"
"溫叨","北屯區太原路三段191號,Taichung,406,臺北／臺中","200-600TWD•臺灣菜","店名「溫叨」是臺語「我家」的諧音，提供古早味臺灣料理。餐廳位於紅磚堆疊的傳統三合院之中，包廂裡有舊日的床組與裝飾，客人也可以在院子享用餐點，氣氛就像辦桌般熱絡。推薦菜色包括三杯料理，以及辛辣鹹香的古法剁椒鱸魚。另一特色菜為柴燒桶仔雞，在院中用柴火燒烤四十分鐘而成，須提前預訂。","'Takeaway_:_只接受現金_f_室外停車場_E_無煙餐廳","=_必比登推介：具品質且經濟實惠的美食_ò_頗舒適","https://guide.michelin.com/tw/zh_TW/taichung-region/taichung/restaurant/wen-tao","[""24.165158"",""120.69161""]"
"鮮魚鱻","北區北屯路75號,Taichung,臺北／臺中","150-400TWD•小吃","開店逾三十年，提供府城風味小吃，尤以蝦仁飯與虱目魚知名。以「鮮魚鱻」命名，自然講究魚料新鮮，虱目魚每天從南部進貨，無論是肉嫩無刺的魚肚湯、滷魚肚、滷魚頭或粥品，均深受老饕歡迎。另外尚有蚵仔、海鰱魚、龍膽石斑等魚料，其他小吃則推薦醬香味濃的滷豬腳筋，其豐沛膠質令人不禁大快朵頤。","'不設訂位_:_只接受現金_E_無煙餐廳_T_空調","=_必比登推介：具品質且經濟實惠的美食_2_小店","https://guide.michelin.com/tw/zh_TW/taichung-region/taichung/restaurant/fresh-fish-stock","[""24.16144"",""120.69227""]"
"彭城堂","太平區宜昌路377號,Taichung,411,臺北／臺中","300-600TWD•臺灣菜","門外擺放著臺灣早期客運站牌、郵箱等舊物，餐廳內部的擺設更猶如穿越時空，重返祖父母的年代。除了老闆的珍貴收藏，這裡提供的家常料理同樣充滿親切感。古早味封肉刈包全套滋味鹹香，川七炒牛肉口感細嫩，十分推薦。另有豬油拌飯供自行取用，餐後更提供剉冰，令人有回家吃飯的溫馨感覺。","'Takeaway_:_只接受現金_f_室外停車場_E_無煙餐廳","=_必比登推介：具品質且經濟實惠的美食_ò_頗舒適","https://guide.michelin.com/tw/zh_TW/taichung-region/taichung/restaurant/peng-cheng-tang","[""24.144892"",""120.7136472""]"
"木公麥面","東區富貴街37號,Taichung,臺北／臺中","100-300TWD•麵食","店名由「松麵」分拆而來，以紀念店主岳父阿松師的江浙麵館。木製匾額高掛大門上，加上核桃木窗框、書法字體菜單、帶囍字的瓷碗，以及擺放於牆上的古書，充滿雅致氣氛。食物方面，帶彈性的麵條搭配香醇湯頭，特別推薦榨菜肉絲麵和排骨麵，建議點選口味細膩的滷菜，完整體驗傳統古早滋味。","'不設訂位_:_只接受現金_E_無煙餐廳_T_空調","=_必比登推介：具品質且經濟實惠的美食_2_小店","https://guide.michelin.com/tw/zh_TW/taichung-region/taichung/restaurant/mu-gong-noodles","[""24.1497384"",""120.6955728""]"
"英才大麵焿","北區英才路215號,Taichung,404,臺北／臺中","30-100TWD•麵食","大麵焿是臺中特有的滋味，然而隨著時代發展，販賣這種古早味麵食的店家已所剩無幾，英才大麵焿是其中一家超過五十年歷史的老店。它不僅保留了原有味道，還添加了紅蔥酥和韭菜，以及獨家秘方的辣椒醬，有助提香和平衡麵條的鹼味。另外也提供燒肉、油豆腐等特色小吃，選擇豐富。","'Takeaway_不設訂位_:_只接受現金_含服務費","‹_米其林餐盤：供應美味菜餚的餐廳_2_小店","https://guide.michelin.com/tw/zh_TW/taichung-region/taichung/restaurant/ying-tsai-ta-mien-keng","[""24.15558"",""120.674453""]"
"澀","北區育德路201號,Taichung,404,臺北／臺中","2,000TWD•時尚歐陸菜","於2019年遷到現址，年輕老闆兼任主廚，將市場所見的日常食材，用現代烹調方式，重新闡述臺灣料理的細膩滋味。美食以約十一道菜的套餐呈現，依據四季更迭與社會日常來變換菜色。用餐環境同樣經過精心設計，以水泥牆面、細膩花磚及不同的光源，營造沉靜優雅的氛圍，適合約會。唯座位有限，建議預約。","'X_Visa_接受信用卡_E_無煙餐廳_T_空調","m_一星：優質烹調，不妨一試！_ò_頗舒適","https://guide.michelin.com/tw/zh_TW/taichung-region/taichung/restaurant/sur","[""24.157322"",""120.670012""]"
"阿坤麵","中區平等街142號,Taichung,400,臺北／臺中","60-100TWD•麵食","顧名思義，麵店由阿坤創辦，目前已經超過五十年歷史，傳至第三代掌舵。小店幾乎沒有裝潢，客人要先在門口點選食物，然後尋找座位。每天早上至中午提供古早味乾麵，搭配特製甜辣醬，十分滋味。湯則可選擇不同配料，包括最受歡迎的水晶餃、油豆腐，還有貢丸、豬血和福州丸等。亦可選綜合湯。","'Takeaway_不設訂位_:_只接受現金_含服務費","=_必比登推介：具品質且經濟實惠的美食_2_小店","https://guide.michelin.com/tw/zh_TW/taichung-region/taichung/restaurant/a-kun-mian","[""24.143"",""120.68242""]"
"范記金之園 (中區)","中區成功路170號,Taichung,400,臺北／臺中","130-300TWD•臺灣菜","創立自1978年，現已傳至第二代，其傳統滋味廣受好評，招牌菜為排骨草袋飯。早期的草袋飯是在手工編製的藺草草袋中烹煮而成，藺草混合米香，風味獨特。雖然草袋技術已凋零，店家仍然選用霧峰臺梗九號米，口感飽滿，配合特製的雪裡紅乾，鹹香滋味。另推薦秘製的排骨和沙茶炒牛肉。所有餐點均現點製作，須耐心等待。","'Takeaway_不設訂位_:_只接受現金_E_無煙餐廳","=_必比登推介：具品質且經濟實惠的美食_2_小店","https://guide.michelin.com/tw/zh_TW/taichung-region/taichung/restaurant/chin-chih-yuan","[""24.14131"",""120.6825015""]"
"富鼎旺 (中區)","中區臺灣大道一段560號,Taichung,400,臺北／臺中","100-200TWD•臺灣菜","採用特別的滷製方法，以醬油、紅蔥酥、糖和辣椒等代替中藥材，並以細火燉煮，熬製出滷豬腳、腿扣、腿節等美食。豬腳口感軟滑而且鹹香入味，搭配自家製作的辣椒醬，額外美味。同時提供魯肉飯、潤油豆腐等食品，全都價廉物美。小店為自助式，先於店前點餐，再自行入座，氣氛輕鬆隨意。","'Takeaway_不設訂位_:_只接受現金_含服務費","=_必比登推介：具品質且經濟實惠的美食_2_小店","https://guide.michelin.com/tw/zh_TW/taichung-region/taichung/restaurant/fu-din-wang-central","[""24.145261"",""120.676576""]"
"茂川肉丸","中區臺灣大道一段401號,Taichung,400,臺北／臺中","60-200TWD•麵食","別看這小麵店裝潢簡樸，其實擁有過百年歷史。雖然經歷多次名字更改，始終不變的，是其手工製作的招牌肉丸，原材料包括在來米、太白粉、地瓜粉等，充滿嚼勁，而且毫無油膩感。佐以加入砂糖的白色米醬，與加入辣椒的特製海山醬享用，非常可口。另外提供每天現包的鮮蝦餛飩，皮薄透亮，同樣吸引。","'Takeaway_不設訂位_:_只接受現金_E_無煙餐廳","‹_米其林餐盤：供應美味菜餚的餐廳_2_小店","https://guide.michelin.com/tw/zh_TW/taichung-region/taichung/restaurant/mao-chuan","[""24.1429411"",""120.6788556""]"
"沁園春","中區臺灣大道一段129號,Taichung,400,臺北／臺中","500-1,000TWD•江浙菜","開業逾七十載，至今已經傳至第四代，深受老顧客支持。內部採用傳統中式餐館設計，備有懷舊的沙發座椅、鏡子牆面和木製匾額。致力提供經典江浙菜和點心，小籠包、肴肉、醉雞、鱔糊等應有盡有，而且每道菜色均列明製作時間。小籠包現點現蒸，皮薄、肉餡飽滿且充滿湯汁，建議提早點菜，以免久候。","'JCB_Takeaway_X_Visa_中國銀聯","=_必比登推介：具品質且經濟實惠的美食_ò_頗舒適","https://guide.michelin.com/tw/zh_TW/taichung-region/taichung/restaurant/qin-yuan-chun","[""24.139452"",""120.682718""]"
"醉月樓","中區中山路20號2樓(宮原眼科),Taichung,臺北／臺中","600-800TWD•臺灣菜","位於臺中著名景點，擁有百年歷史、採用日式磚瓦建築的宮原眼科。用餐室裝潢華麗，提供道地臺灣料理。鯧魚米粉、三杯雞味道非凡，成功復刻店東小時候的味道。此外，還有各式各樣的甜點選項，不妨嚐嚐聞名遐邇的冰品。菜色份量精巧，味道細膩，適合小型聚會，但建議提前訂位。","'X_Visa_接受信用卡_E_無煙餐廳_T_空調","=_必比登推介：具品質且經濟實惠的美食_ó_舒適","https://guide.michelin.com/tw/zh_TW/taichung-region/taichung/restaurant/moon-pavilion","[""24.1376988"",""120.6834358""]"
"上海未名麵點","中區市府路69號,Taichung,400,臺北／臺中","110-200TWD•麵食","開業逾七十載，經歴三代的傳承，堅持供應家庭風味的上海麵食。他們甚至與造麵廠合作，根據家傳配方，製作出獨家口味、不含化學添加劑的上海麵。推薦用新鮮豬肉烹調的豬排麵，佐以自由添加的醃蔥段，十分解膩。另有多款涼菜供外帶，如酸豆、黃瓜等。鮮製的烏梅汁帶天然甜酸味，更是不容錯過。","'Takeaway_不設訂位_:_只接受現金_E_無煙餐廳","=_必比登推介：具品質且經濟實惠的美食_2_小店","https://guide.michelin.com/tw/zh_TW/taichung-region/taichung/restaurant/no-name-noodles","[""24.13963"",""120.68006""]"
"馨苑","西區民生北路106號,Taichung,403,臺北／臺中","250-500TWD•臺灣菜","膳馨旗下的品牌，提供份量小巧、減少油鹽的臺灣料理。熱門菜色包括以大甲芋頭與椰奶共同燉煮的芋奶鮮嫩雞骨球，以及適合配飯的菠蘿遇見櫻桃鴨。同時提供多款臺式小吃，如多汁可口、充滿鮮味的花枝槓上雞肉丸，適合搭配佐餐。餐廳著重品茶文化，建議點上一瓶冷泡茶，好好感受用餐環境的寧靜與悠閒。","'Takeaway_X_Visa_接受信用卡_E_無煙餐廳","=_必比登推介：具品質且經濟實惠的美食_ò_頗舒適","https://guide.michelin.com/tw/zh_TW/taichung-region/taichung/restaurant/shin-yuan","[""24.148365"",""120.668302""]"
"游日本料理","西屯區精誠路50巷12號,Taichung,407,臺北／臺中","1,100-2,500TWD•日本菜","有別於日本餐廳常見的木材裝潢，此店採純白風格，配合大理石作板前設計，讓環境更加明亮精緻，適合朋友聚餐。料理長希望客人能以實惠的價格品嚐日式料理，故推出兩款入門套餐，但均以熟食為主。若老饕們想一飽口福，品嚐由日本進口的生魚片與壽司的話，不妨提出更高預算，讓店家進行搭配。","'Takeaway_X_Visa_”_吧檯式_接受信用卡","‹_米其林餐盤：供應美味菜餚的餐廳_ò_頗舒適","https://guide.michelin.com/tw/zh_TW/taichung-region/taichung/restaurant/abura","[""24.157714"",""120.656392""]"
"陸園","西區民權路248號,Taichung,403,臺北／臺中","300-600TWD•江浙菜","這裡儘管沒有華麗裝飾，卻有美味菜餚和舒適的服務，營造家庭般的溫暖感覺。廚師團隊跟隨創辦人工作三十年餘，經驗豐富，擅於烹調傳統江浙菜色，火候掌握尤其恰到好處。特別推薦蔥燒鯽魚，其飽滿的魚卵，加上酥脆的魚骨，滋味鮮香。另外，寧式鱔糊、干貝絲瓜也是不錯的選擇。大型聚餐不妨考慮包廂座位。","'Takeaway_X_Visa_接受信用卡_E_無煙餐廳","=_必比登推介：具品質且經濟實惠的美食_ò_頗舒適","https://guide.michelin.com/tw/zh_TW/taichung-region/taichung/restaurant/lu-yuan","[""24.145914"",""120.671146""]"
"老吳的西洋料理","西區忠誠街26號,Taichung,403,臺北／臺中","598-1,780TWD•時尚法國菜","老闆兼主廚老吳曾於東京學習法國料理，堅持使用在地蔬果和漁獲，用心製作帶日本元素的法國菜。室內空間簡潔舒適，讓客人在輕鬆的氛圍下享受每道美饌。只供應五道菜套餐，菜單每月更新，務求保持新鮮感。其中的主菜選擇多樣，推薦每天在市場採買的嫩煎鮮魚和櫻桃鴨胸。平日午間造訪，價格更加經濟。","'JCB_X_Visa_中國銀聯_接受信用卡","‹_米其林餐盤：供應美味菜餚的餐廳_ò_頗舒適","https://guide.michelin.com/tw/zh_TW/taichung-region/taichung/restaurant/restaurant-go","[""24.152609"",""120.662437""]"
"富貴亭","中區三民路二段18巷31號,Taichung,400,臺北／臺中","60-200TWD•臺灣菜","開業逾半世紀的富貴亭，是許多居民的童年回憶，販售筒仔米糕和各種當歸湯品。其中，當歸鴨肉麵線味道濃郁，十分美味。但最受歡迎的，始終是當歸鵝肉麵線和燻鵝肉，前者把鵝湯、鴨湯一起加入當歸湯中，香味四溢，每天開賣半個小時左右便會售罄。小店座位有限，無法訂位，也可能需與人拼桌。","'Takeaway_不設訂位_:_只接受現金_含服務費","=_必比登推介：具品質且經濟實惠的美食_2_小店","https://guide.michelin.com/tw/zh_TW/taichung-region/taichung/restaurant/fu-kuei-ting","[""24.140151"",""120.678196""]"
"鳥苑地雞燒","西區忠明南路48號,Taichung,臺北／臺中","1,000-2,000TWD•日本菜","老闆兼主廚曾赴日本進修，回臺後精心設計，在餐廳外築起小型日式庭院，用餐區則提供板前座位，讓顧客能坐在烤台前看到食材的處理過程，並感受到烤台散發的溫暖。主打燒鳥，採用臺灣桂丁雞與薩索雞，每日新鮮現切，並依據雞隻特性，烹調挑選最合適的部位烹調。雞膝肉、雞白子、雞soli等數量有限，可預先致電詢問，四人以上亦可預訂鮑魚。","'X_Visa_”_吧檯式_接受信用卡_E_無煙餐廳","‹_米其林餐盤：供應美味菜餚的餐廳_ò_頗舒適","https://guide.michelin.com/tw/zh_TW/taichung-region/taichung/restaurant/yakitori-wine","[""24.1553532"",""120.6584204""]"
"好菜","西區模範街24巷1號,Taichung,臺北／臺中","300-500TWD•亞洲菜","坐落民宅巷弄內，裝潢簡約，木桌椅襯托日式器皿與開放式廚房，讓人有回家用餐的溫馨感覺。以臺灣菜為主，亦有融合南洋咖喱、味噌等南洋和日式風味的菜色。食材來自經產銷履歷驗證的小農，米飯則採用臺中194號米。推薦仲夏梅子雞、老皮嫩牛肉等熱門美食。菜色調味清爽、份量小巧，不妨考慮升級為套餐。","':_只接受現金_E_無煙餐廳_T_空調_需訂位","=_必比登推介：具品質且經濟實惠的美食_ò_頗舒適","https://guide.michelin.com/tw/zh_TW/taichung-region/taichung/restaurant/kuisine","[""24.14863"",""120.66662""]"
"鮨鈴木幸介","西區華美街392號,Taichung,403,臺北／臺中","2,200-5,000TWD•壽司","日籍主廚具有多年經驗，而且說得一口流利國語，樂於介紹食材的來源和特色。壽司飯以長野及臺灣米製作，並混入米醋及熟成六年的紅醋，調校出獨特風味。海產由日本新鮮進口，生魚片切得厚大，口感豐滿。玉子燒可以選擇鹹味的大阪風或是帶甜的東京風，滿足不同喜好。主廚或於一月及四月休假，建議先作查詢。","'Takeaway_X_Visa_”_吧檯式_接受信用卡","‹_米其林餐盤：供應美味菜餚的餐廳_ò_頗舒適","https://guide.michelin.com/tw/zh_TW/taichung-region/taichung/restaurant/sushi-suzuki-kosuke","[""24.1534"",""120.65909""]"
"名人坊","西屯區臺灣大道三段301號4樓(新光三越),Taichung,407,臺北／臺中","800-4,000TWD•粵菜","由香港名人坊主廚鄭錦富監督，這裡的粵菜展現出細膩的烹調技藝。菜單約八成與香港本店同步，另外供應一系列為臺灣設計的點心。廚師採用在地食材，包括新鮮海產和來自契作農場的有機蔬果。招牌菜為燕窩釀鳳翼和脆皮炸子雞，後者皮薄肉嫩，但限量供應，建議預訂。用餐環境低調奢華，適合聚餐宴客。","'JCB_Takeaway_X_Visa_û_供應素食菜單","‹_米其林餐盤：供應美味菜餚的餐廳_ó_舒適","https://guide.michelin.com/tw/zh_TW/taichung-region/taichung/restaurant/celebrity-cuisine-1188526","[""24.165369"",""120.643705""]"
"台中肉員","南區復興路三段529號,Taichung,402,臺北／臺中","40-120TWD•小吃","提起臺中人心目中的銅板美食，台中肉員必定榜上有名。創立於1933年，在悠長歲月裡，為許多在地人提供世代傳承的滋味。店內僅售三種食品，分別是肉圓、魚丸湯與冬粉湯。油泡肉員皮薄軟嫩，加了胡椒的豬肉餡料，搭配甜醬與醬油膏，讓人齒頰留香。魚丸湯湯頭清香，魚丸入口爽脆，口味簡樸但非常實在。","'不設訂位_:_只接受現金_E_無煙餐廳","=_必比登推介：具品質且經濟實惠的美食_2_小店","https://guide.michelin.com/tw/zh_TW/taichung-region/taichung/restaurant/taichung-meatball","[""24.1343462"",""120.682649""]"
"富狀元豬腳","西區美村路一段203號,Taichung,403,臺北／臺中","180-250TWD•臺灣菜","這家知名豬腳餐廳的特色，是不添加中藥材滷包，而將白毛豬隻，搭配特調比例的紅蔥、辣椒、冰糖與醬油，把肉滷至呈琥珀色澤、晶瑩透亮。不論是富含彈性和膠質的豬腳，或半肥半瘦的腿扣，都多汁可口。爽口筍絲等小菜也滋味無窮，再加上一碗白飯加滷汁，風味十足，令人大快朵頤。","'Takeaway_不設訂位_:_只接受現金_E_無煙餐廳","=_必比登推介：具品質且經濟實惠的美食_ò_頗舒適_2_小店","https://guide.michelin.com/tw/zh_TW/taichung-region/taichung/restaurant/fu-juang-yuan","[""24.149863"",""120.662012""]"
"可口牛肉麵","西屯區大墩路911號,Taichung,臺北／臺中","150-400TWD•麵食","由夫妻檔經營，裝潢潔淨明亮，讓客人在舒適的環境下享用麵食。特別推薦紅燒半筋半肉牛肉麵，湯頭以三十餘種中藥材熬煮數小時至濃郁香醇，搭配彈牙的細拉麵，以及軟嫩帶彈性的牛筋和澳洲腱子肉，滋味可口。也可以嚐嚐這裡的滷菜，尤其是帶中藥香氣的滷牛肚。海帶看似簡單，卻充滿鹹甜滋味，甚為特別。","'不設訂位_:_只接受現金_E_無煙餐廳_T_空調","=_必比登推介：具品質且經濟實惠的美食_2_小店","https://guide.michelin.com/tw/zh_TW/taichung-region/taichung/restaurant/ke-kou-beef-noodles","[""24.1571032"",""120.6506682""]"
"曙光居","西屯區大墩18街104號,Taichung,臺北／臺中","200-400TWD•素食","外觀沉實，無論是石牆、紅磚隔間、木桌椅，抑或手拉坯餐具，都令人感到舒適，呈現對細節的著重。所有菜色均為全素，食材經過來源控管，並在菜單上註明其特性和好處。其中「非常麵」以手工拉麵搭配老店配方的辣醬和芝麻醬，酸辣滋味，深受歡迎。黃金脆皮鍋貼現點現做，帶有冰花脆皮。冬天更提供茴香口味。","':_只接受現金_E_無煙餐廳_T_空調","=_必比登推介：具品質且經濟實惠的美食_ò_頗舒適","https://guide.michelin.com/tw/zh_TW/taichung-region/taichung/restaurant/house-of-dawn","[""24.15566"",""120.65194""]"
"元","南屯區大墩十七街35號,Taichung,408,臺北／臺中","1,200-3,680TWD•創新菜","採用開放式廚房，讓客人對烹調過程一覽無遺。平日晚上提供主廚限定套餐，必須訂位並於預約時選擇主菜。年輕主廚採用的食材九成來自臺灣，糅合歐洲料理技巧，創作出具在地風味的美饌。招牌花園沙拉用了數十種自家栽種的香草花卉作食材，開胃且漂亮。週六中午提供四道菜的麵食套餐。","'X_Visa_”_吧檯式_接受信用卡_E_無煙餐廳","‹_米其林餐盤：供應美味菜餚的餐廳_ò_頗舒適","https://guide.michelin.com/tw/zh_TW/taichung-region/taichung/restaurant/yuan","[""24.15535"",""120.650157""]"
"KR Prime Steak","西屯區市政北二路52號,Taichung,407,臺北／臺中","780-3,500TWD•牛排屋","坐落豪宅地段，樓高兩層，一樓為肉品專營店，二樓則為牛排館，主要提供美國濕式熟成牛排。用餐環境舒適，適合約會或包場舉辦小型聚會。建議點選美國CAB頂級安格斯上蓋老饕，味道可口且充滿肉汁。各款甜點均手工製作，值得一試。特別推薦手工風味奶酪，柔嫩質地搭配時令水果，十分清爽。","'Takeaway_X_Visa_接受信用卡_E_無煙餐廳","‹_米其林餐盤：供應美味菜餚的餐廳_ó_舒適(上佳)","https://guide.michelin.com/tw/zh_TW/taichung-region/taichung/restaurant/kr-prime-steak","[""24.160977"",""120.641962""]"
"富彩軒","西屯區市政北二路60號3樓,Taichung,407,臺北／臺中","1,000-1,800TWD•粵菜","由香港主廚帶領，善用在地新鮮食材，烹調出一系列傳統粵菜，點心、燒味、海鮮、小炒等一應俱全。煲仔菜種類豐富，部分更提供份量選擇，方便不同人數的客人。推薦使用臺灣溫體牛的柱侯牛腩筋煲、賣相精緻的招牌富彩蝦餃，以及需預訂、皮脆肉嫩的金牌吊燒脆皮雞。環境舒適，設有包廂和沙發座，隱密度高。","'Takeaway_X_Visa_接受信用卡_E_無煙餐廳","‹_米其林餐盤：供應美味菜餚的餐廳_ó_舒適","https://guide.michelin.com/tw/zh_TW/taichung-region/taichung/restaurant/fuchai","[""24.161124"",""120.641618""]"
"俺達的肉屋","西區公益路194之1號,Taichung,臺北／臺中","2,500-3,500TWD•燒烤","於2021年遷至十五步外之新址，採用簡約的木質裝潢，而且總能看見主廚或團隊與顧客交談，營造出輕鬆的用餐氛圍，適合知己聚會。主廚對牛肉充滿熱情，對牛隻結構、肉品切割，甚至內臟處理都經驗豐富。每月嚴選不同地區的日本和牛，讓客人品嚐到各種特殊部位。建議把喜愛的口感和部位告知店家，請對方搭配或推薦。","'JCB_X_Visa_接受信用卡_E_無煙餐廳","m_一星：優質烹調，不妨一試！_ò_頗舒適","https://guide.michelin.com/tw/zh_TW/taichung-region/taichung/restaurant/oretachi-no-nikuya-1195583","[""24.15091"",""120.65309""]"
"The Wang","西屯區朝富路137號,Taichung,407,臺北／臺中","2,180-5,000TWD•牛排屋","王品集團旗下的新餐廳，提供乾式熟成的頂級牛排，以及多款特色套餐。建議點選二十八日熟成的丁骨牛排，滋味令人一試難忘。兩層樓的空間寬敞舒適，設計糅合了大理石、黑色與金屬元素，展現出優雅而現代的氛圍。客人更可以透過開放式廚房，觀賞燒烤牛排的過程。不過只有一間包廂，必須提早預約。","'X_Visa_f_室外停車場_接受信用卡_E_無煙餐廳","‹_米其林餐盤：供應美味菜餚的餐廳_ó_舒適","https://guide.michelin.com/tw/zh_TW/taichung-region/taichung/restaurant/the-wang","[""24.164429"",""120.636506""]"
"Forchetta","西屯區惠中七街36號2樓,Taichung,407,臺北／臺中","1,700-4,000TWD•時尚歐陸菜","曾於臺北經營十多年，其後遷到臺中，但仍然保留過往的風格。主廚醉心花藝，餐廳採用落地玻璃，透視戶外的盆栽與大樹，一片綠蔭令人心曠神怡。同時尊重時令及在地食材，會根據當天採買到的材料，變化出多款前菜。主菜則提供六種選擇，其中，鴨心與鴨胗佐鴨間稻燉飯糅合了臺灣與西方料理特色，值得一試。","'JCB_X_Visa_N_供應優質餐酒_接受信用卡","m_一星：優質烹調，不妨一試！_ó_舒適","https://guide.michelin.com/tw/zh_TW/taichung-region/taichung/restaurant/forchetta","[""24.16003"",""120.64085""]"
"響海鮮","西屯區市政北二路356號,Taichung,407,臺北／臺中","800-2,200TWD•臺灣菜","在入口擺放了幾個大型海鮮缸，存放各式各樣的新鮮漁獲，不少由日本或其他國家進口，亦有來自澎湖及宜蘭龜山島海域。客人可自行挑選食材及烹調方式。料理風格以臺菜為主，同時融合了日式技法，令口味更豐富，擺盤也甚為精緻。室內設計時尚，並設獨立包廂，適合宴客聚會，但需要提前預訂。","'Takeaway_X_Visa_f_室外停車場_接受信用卡","‹_米其林餐盤：供應美味菜餚的餐廳_ó_舒適","https://guide.michelin.com/tw/zh_TW/taichung-region/taichung/restaurant/hibiki-seafood","[""24.1652034"",""120.6344988""]"
"頂園全鴨坊","西屯區市政北二路305號,Taichung,407,臺北／臺中","350-800TWD•京菜,江浙菜","氣氛輕鬆，適合各類社交聚餐。半透明廚房內掛滿三個月大的宜蘭櫻桃鴨，正於恆溫櫃風乾，等待進入果木烤爐。完成烤製後，再在鴨身淋上君度橙酒，營造火焰效果，鴨皮因此帶一層薄薄的糖份，味道可口，肉質軟嫩。配合厚薄適中的自製餅皮，口感一流。烤鴨必須預訂，鴨骨部分可選不同烹調方法，一鴨二食。","'Takeaway_X_Visa_f_室外停車場_接受信用卡","‹_米其林餐盤：供應美味菜餚的餐廳_ò_頗舒適","https://guide.michelin.com/tw/zh_TW/taichung-region/taichung/restaurant/ting-yuan-roast-duck","[""24.16434"",""120.63544""]"
"饕之鄉","西區向上路一段353號,Taichung,臺北／臺中","150-400TWD•麵食","從二十多年前的路邊攤，發展到現在擁有三間店面的規模，全憑各種樸實的點心和麵食，獲得在地顧客的支持。最受歡迎的是價廉物美的小籠包，皮薄而且湯汁飽滿，滋味非凡。現點現做的綠豆沙鍋餅酥香味甜，適合共享。另外，每天均提供近二十種小菜，尤其推薦薄切豬肝。麻辣乾麵和福州乾麵亦為熱門麵食。","'不設訂位_:_只接受現金_E_無煙餐廳_T_空調","=_必比登推介：具品質且經濟實惠的美食_2_小店","https://guide.michelin.com/tw/zh_TW/taichung-region/taichung/restaurant/the-toas","[""24.1466574"",""120.6563462""]"
"極炙牛排館","西屯區市政路77號24樓(日月千禧酒店),Taichung,40756,臺北／臺中","1,650-3,780TWD•牛排屋","採用優質食材，來源經嚴密管控，如雙重認證的美國牛、澳洲的日本純血種和牛，以及日本和牛，特別推薦以穀物飼養三百天以上的澳洲純血種全和黑毛和牛。鴨肝及牛尾湯只在晚上供應，後者須熬煮十三小時以上，值得一試。預訂窗邊位置可欣賞美麗夜景，逢星期五、六更有現場鋼琴表演，適合約會。","'JCB_X_Visa_中國銀聯_f_室外停車場","‹_米其林餐盤：供應美味菜餚的餐廳_ó_舒適","https://guide.michelin.com/tw/zh_TW/taichung-region/taichung/restaurant/the-prime-grill-lounge","[""24.15696"",""120.64184""]"
"膳馨","西區存中街21號,Taichung,403,臺北／臺中","300-600TWD•臺灣菜","標榜健康理念的創意臺菜餐廳，不僅減少油鹽烹調，更採用產銷履歷與可溯源的食材，如梨山高麗菜、臺南虱目魚肚等。提供多樣自創菜色，包括配刈包享用的花雕遇見櫻桃鴨。而阿嬤ㄟ芋糕是特定日子限定商品，長條狀芋糕搭配甜鹹醬汁，深受顧客喜愛。在雅致的環境中一邊享受美食，一邊觀賞庭園造景，實在是相得益彰。","'JCB_Takeaway_X_Visa_f_室外停車場","‹_米其林餐盤：供應美味菜餚的餐廳_ó_舒適","https://guide.michelin.com/tw/zh_TW/taichung-region/taichung/restaurant/shan-shin","[""24.141082"",""120.6606506""]"
"潔","西區存中街29號,Taichung,403,臺北／臺中","980-5,000TWD•日本菜","餐廳建築風雅，一、二樓皆採用落地玻璃，可以看到戶外小庭園。設計師甚至精心計算樹木的位置，令每一桌客人都能欣賞到這片綠蔭。日籍主廚曾於福岡工作，板前料理則由臺灣師傅負責。二人使用日本和在地食材，製作出兩款不同價位的套餐，並根據季節變更菜單。享受美食之餘，也可以選購店內展示的藝術品。","'X_Visa_1_供應優質清酒_”_吧檯式_接受信用卡","‹_米其林餐盤：供應美味菜餚的餐廳_ó_舒適","https://guide.michelin.com/tw/zh_TW/taichung-region/taichung/restaurant/isagi","[""24.14109"",""120.66031""]"
"咕嚕咕嚕原住民音樂餐廳","西區五權西四街13巷2號,Taichung,臺北／臺中","500-800TWD•臺灣菜","由排灣族老闆經營，漂流木設計的外觀，加上木雕和畫作，讓客人品嚐傳統排灣族料理的同時，也感受到濃厚人文氣息。主要供應炭烤菜色，食材來自部落耕種或親採的野菜。碳烤春雞香氣四溢，多汁可口。Avay以野菜包覆小米、豬肉蒸煮而成，口感軟嫩。馬告香腸同樣值得一試。晚上有原住民族歌手駐唱，歌聲動人。","'X_Visa_接受信用卡_E_無煙餐廳_T_空調","=_必比登推介：具品質且經濟實惠的美食_ò_頗舒適","https://guide.michelin.com/tw/zh_TW/taichung-region/taichung/restaurant/gulu-gulu","[""24.13897"",""120.6626""]"
"滿堂","西區五權一街57號,Taichung,403,臺北／臺中","1,200-2,100TWD•創新菜","餐廳內外的設計都簡潔舒適，建議選擇吧檯座位，近距離欣賞廚師的料理過程。主廚善用在地食材，製作出一道道精緻菜色。不要錯過黑糖糕佐焦糖鳳梨冰，黑糖糕口感彈牙，搭配鳳梨甜香，帶有強烈的臺灣風味。酒單上除了葡萄酒，也提供本地啤酒。平日僅於晚上營業，週末設有午間套餐但須預訂。","'X_Visa_”_吧檯式_接受信用卡_E_無煙餐廳","‹_米其林餐盤：供應美味菜餚的餐廳_ò_頗舒適","https://guide.michelin.com/tw/zh_TW/taichung-region/taichung/restaurant/le-plein","[""24.139243"",""120.661953""]"
"淇里思 (西區)","西區存中街47號,Taichung,403,臺北／臺中","388-1,000TWD•印度菜","開業不過幾年，已經設有分店，證明這家餐廳的吸引力。提供南、北印度美食，由印度籍廚師團隊負責，講究選用當地香料，以確保原汁原味。菜單設計非常貼心，既可選擇辣度，也標明適合素食者和兒童食用的菜色。其中，香料塔都雞腿香味十足，鷹嘴豆咖哩也不容錯過。樓高兩層，二樓可包場舉辦聚會。","'Takeaway_X_Visa_接受信用卡_E_無煙餐廳","=_必比登推介：具品質且經濟實惠的美食_ò_頗舒適","https://guide.michelin.com/tw/zh_TW/taichung-region/taichung/restaurant/chilliesine-west","[""24.14108"",""120.65941""]"
"Gubami","西區存中街46號,Taichung,403,臺北／臺中","450-1,580TWD•麵食","名字為臺語牛肉麵的諧音。老闆原為法餐主廚，採用西式烹調技巧與食材，呈現臺灣經典美食。牛肉麵分為清燉與紅燒，兩種湯頭均熬製十小時以上。前者以宮崎和牛搭配特製細麵，後者則選用加拿大帶骨牛小排與特製粗麵，另有黑松露辣醬，十分適合嗜辣者。鵝油燜節瓜、香辣雪耳牛肉等小菜也十分精緻，值得一試。","'Takeaway_X_Visa_接受信用卡_E_無煙餐廳","=_必比登推介：具品質且經濟實惠的美食_ò_頗舒適","https://guide.michelin.com/tw/zh_TW/taichung-region/taichung/restaurant/gubami","[""24.141737"",""120.6584204""]"
"鹽之華","西屯區市政路581之1號,Taichung,407,臺北／臺中","1,580-5,880TWD•時尚法國菜","女主廚擁有三十年西餐與旅外學習經驗，帶來精緻細膩的用餐體驗，客人挑選主菜後，便可靜待饗宴啟程。菜色每天更換，令人充滿驚喜。其中果木炭烤乳鴿以自製炭爐，將28至32天的臺灣乳鴿烤製，富有風味。建議請侍酒師搭配佳釀。菜單可因應人數作特別安排，亦可預訂Pithivier等傳統法式糕點。","'X_Visa_f_室外停車場_接受信用卡_E_無煙餐廳","m_一星：優質烹調，不妨一試！_ô_十分舒適","https://guide.michelin.com/tw/zh_TW/taichung-region/taichung/restaurant/fleur-de-sel-1188695","[""24.160425"",""120.634515""]"
"中山招待所","西區五權西六街27號,Taichung,403,臺北／臺中","1,680-2,580TWD•時尚法國菜","原為美軍留下的老洋房，其後以宋慶齡的上海舊居為藍本，改建成充滿舊上海風情的私人招待所，並於2004年對外開放。外觀低調，大門深鎖，但按下電鈴後，會有親切的門前接待服務。穿過園林，便會抵達雅致的餐室，氣氛非常適合約會。食物以法式料理為主軸，融合臺灣在地元素，並每兩個月更換一次菜色。","'X_Visa_接受信用卡_E_無煙餐廳_{_私人廂房","‹_米其林餐盤：供應美味菜餚的餐廳_ó_舒適(上佳)","https://guide.michelin.com/tw/zh_TW/taichung-region/taichung/restaurant/yet-sen-mansion","[""24.138616"",""120.6589952""]"
"脂‧板前炭火燒肉","西區五權六街61巷1號,Taichung,403,臺北／臺中","1,300-2,500TWD•燒烤","餐廳裡裡外外都是濃厚的日式風格，庭園鋪上綠油油的草皮，環境優美。採用日本和在地高級食材，包括不同部位的A5級和牛，並由服務員代為炭烤。廚師更以自製海帶取代海鹽調味，層次感更突出。另外提供臺灣生食等級的桂丁雞，以及日本的生食級紋甲烏賊，不要錯過。享用美食之餘，可以請店員搭配清酒。","'X_Visa_1_供應優質清酒_”_吧檯式_接受信用卡","‹_米其林餐盤：供應美味菜餚的餐廳_ò_頗舒適","https://guide.michelin.com/tw/zh_TW/taichung-region/taichung/restaurant/abura-yakiniku","[""24.13592"",""120.66222""]"
"京華煙雲","西區五權七街57號,Taichung,403,臺北／臺中","380-1,000TWD•京菜","餐廳外觀恍如中國的深宅大院，室內採用雕花窗框與仿古家具，風格典雅。菜單豐富，由單人套餐以至十人宴席，選擇應有盡有。而且不添加味精，吃得健康。招牌菜香酥櫻桃鴨腿採花蓮櫻桃鴨烹製，是道經典的北方菜。東北酸白鍋湯頭鮮甜，相當暖胃。最後來一客甜點驢打滾與養生芝麻糕，為美饌畫上完美句點。","'JCB_Takeaway_X_Visa_f_室外停車場","=_必比登推介：具品質且經濟實惠的美食_ó_舒適","https://guide.michelin.com/tw/zh_TW/taichung-region/taichung/restaurant/moment-in-beijing","[""24.135059"",""120.663236""]"
"東方龍","南屯區公益路二段271之1號,Taichung,408,臺北／臺中","300-800TWD•臺灣菜","餐廳裝潢充滿中式元素，採用紅色燈籠和桌椅，洋溢喜慶氛圍。餐具亦帶有巧思，荷葉邊狀的藍瓷器皿搭配每人一壺的功夫茶具組，令用餐經驗增添意境，適合婚宴或商務聚會。食物方面，以臺灣家常菜為主，佐以少許四川創新菜餚。推薦菜色包括三杯松阪豬、清蒸午仔魚，以及香氣誘人的櫻花蝦炒飯。","'Takeaway_X_Visa_f_室外停車場_接受信用卡","=_必比登推介：具品質且經濟實惠的美食_ó_舒適","https://guide.michelin.com/tw/zh_TW/taichung-region/taichung/restaurant/orient-dragon","[""24.150829"",""120.6429518""]"
"新月梧桐","西區五權西三街123號,Taichung,403,臺北／臺中","500-800TWD•江浙菜","餐廳樓高四層，以上海風情為主題。室內的皮製沙發、古董杯櫃、懷舊吊燈，加上紅色窗簾，彷彿回到三十年代的老上海，充滿懷舊氣氛。週三和週六晚上更設有唱歌表演。食物同樣出色，提供鱔糊、獅子頭、醃篤鮮等傳統江浙菜色以及蘇杭涼菜。為了方便客人，部份菜色更可選擇半份或小份。","'JCB_Takeaway_X_Visa_接受信用卡","=_必比登推介：具品質且經濟實惠的美食_ó_舒適","https://guide.michelin.com/tw/zh_TW/taichung-region/taichung/restaurant/1924-shanghai-restaurant","[""24.13355"",""120.66314""]"
"一流海鮮美食館 (惠中路)","南屯區惠中路三段30之6號,Taichung,408,臺北／臺中","600-1,200TWD•海鮮","於2012年開業，目前在臺中已經有三間店，而惠中路的這間是本店。儘管面積不大，但設有室內和戶外用餐區，是不少家庭用餐、朋友聚會或下班小酌的好地方。靠近廚房的海鮮冰櫃，供應一系列臺灣海產，可以請親切的店員推薦菜色和建議烹調方法。由於食材新鮮、現點現做，加上價格實惠，因此經常座無虛席。","'Takeaway_:_只接受現金_含服務費_E_無煙餐廳","‹_米其林餐盤：供應美味菜餚的餐廳_ò_頗舒適_2_小店","https://guide.michelin.com/tw/zh_TW/taichung-region/taichung/restaurant/yi-liu-seafood-huizhong-road","[""24.14999"",""120.640459""]"
"銘心","南屯區大觀路66號,Taichung,408,臺北／臺中","3,600-6,000TWD•壽司","由日本料理經驗豐富的阿銘師經營，只設十五席，提供無菜單料理。食材均選自日本，並以豐洲市場魚貨為主。首次到訪的顧客，建議先品嚐套餐，由師傅依據當天食材決定餐點內容。若希望品嚐更高檔的食材，也可以請店家調整，服務貼心周到。其中水針魚鳴門捲口感細嫩，十分出色，最後的水果甜點也值得期待。","'X_Visa_”_吧檯式_f_室外停車場_接受信用卡","‹_米其林餐盤：供應美味菜餚的餐廳_ò_頗舒適","https://guide.michelin.com/tw/zh_TW/taichung-region/taichung/restaurant/min-shin","[""24.145951"",""120.642775""]"
"滬舍餘味","南屯區公益路二段537號,Taichung,408,臺北／臺中","150-300TWD•點心","老闆來自上海，因為思鄉心切，經過三年的努力，終於研發出記憶中最地道口味的生煎包。此外，小店還提供小籠包、蒸餃和燒賣等上海點心。生煎包有鮮肉和翡翠兩種口味，前者選用肥瘦比例適中的豬絞肉，湯汁豐富；後者的餡料則以青江菜、豆乾和香菇為主，口感脆嫩，味道清新。","'Takeaway_不設訂位_:_只接受現金_含服務費","=_必比登推介：具品質且經濟實惠的美食_2_小店","https://guide.michelin.com/tw/zh_TW/taichung-region/taichung/restaurant/shanghai-food","[""24.151106"",""120.63581""]"
"麵廊","南屯區公益路二段612號,Taichung,408,臺北／臺中","300-1,000TWD•麵食","結合麵食與藝廊，用餐環境優雅，牆上掛滿中式收藏品，令吃麵成為藝術體驗。食品帶點四川風味，但降低了辣度並提供不辣款式。備有湯麵與乾麵兩種選擇，特別推薦湯汁鮮甜的雪藏牛肋麵，搭配店家特製的扁麵條，十分可口。加上東坡炆牛肉、夫妻肺片等小菜，以及黑糖鍋盔餅作為餐後甜點，額外滿足。","'Takeaway_:_只接受現金_E_無煙餐廳_T_空調","‹_米其林餐盤：供應美味菜餚的餐廳_ò_頗舒適","https://guide.michelin.com/tw/zh_TW/taichung-region/taichung/restaurant/mee-lang","[""24.151425"",""120.6336329""]"
"三喜食堂","南屯區永春東路140號,Taichung,408,臺北／臺中","500-1,000TWD•臺灣菜","餐廳隱身於民宅，外觀雖然低調，卻得到街坊和老顧客支持。老闆每天挑選食材、用心烹調，並親自招待客人。不妨留意牆上貼著的當天推薦菜色，海鮮、肉類、各式鍋物、三杯料理等一應俱全。部分手工菜如蒜蒸野泥鰍供應有限，最好於訂位時查詢。用餐環境輕鬆，最適合親朋好友相聚共歡。","'Takeaway_:_只接受現金_E_無煙餐廳_{_私人廂房","=_必比登推介：具品質且經濟實惠的美食_ò_頗舒適","https://guide.michelin.com/tw/zh_TW/taichung-region/taichung/restaurant/san-hsi-shih-tang","[""24.13518"",""120.65199""]"
"与玥樓","南屯區公益路二段783號,Taichung,408,臺北／臺中","500-2,000TWD•粵菜","餐室寬敞遼闊，裝潢以金色和黑色為主，氣派典雅。二樓設有包廂，同時用作大型宴會場地，適合商務宴客或親友聚餐。主廚來自香港，將傳統廣東料理以創新方式展現，午市亦供應多款粵式點心。招牌菜包括用龍眼木烤製的窯烤片皮鴨，建議預訂。此外可以嚐嚐來自澎湖的海鮮，如七星斑和野生七彩龍蝦。","'JCB_Maestro_Takeaway_X_Visa","‹_米其林餐盤：供應美味菜餚的餐廳_ó_舒適","https://guide.michelin.com/tw/zh_TW/taichung-region/taichung/restaurant/yu-yue-lou","[""24.150939"",""120.629279""]"
"羅家古早味","南屯區向上路三段65號,Taichung,臺北／臺中","150-400TWD•臺灣菜","喜受麻油料理者，請認明此店巨大奪目的黃色招牌。自2016年起，其麻油土雞腿湯一直吸引好此道者。其湯底使用雞骨和特級胡麻油熬製一天，溫潤滋味，帶淡淡酒香。如果不喜歡酒味，亦可於點餐時提出，建議加點手工麵線同吃。亦提供多種麻油熱炒小菜，其中麻油腰子烹調時間及調味均掌握得宜，甚為推薦。","'不設訂位_:_只接受現金_E_無煙餐廳_T_空調","=_必比登推介：具品質且經濟實惠的美食_2_小店","https://guide.michelin.com/tw/zh_TW/taichung-region/taichung/restaurant/luo-jia-food","[""24.1463"",""120.63475""]"
"橡木炙烤牛排館","南屯區益豐路四段699號,Taichung,408,臺北／臺中","1,680-7,200TWD•牛排屋","由教父牛排的主廚擔任顧問，這家牛排館主要提供不同部位的美國牛排，另有少許澳洲、日本和牛及乾式熟成選項。店員服務親切，會詳盡解釋牛排的種類、來源、口感，亦會建議熟度。選擇餐點後，可以欣賞廚師在開放式廚房裡，以龍眼木烤製肉類，並在香氣氤氳中期待美食上桌。","'JCB_X_Visa_中國銀聯_N_供應優質餐酒","‹_米其林餐盤：供應美味菜餚的餐廳_ó_舒適","https://guide.michelin.com/tw/zh_TW/taichung-region/taichung/restaurant/meatgq","[""24.15085"",""120.62848""]"
"JL Studio","南屯區益豐路四段689號2樓,Taichung,408,臺北／臺中","3,800TWD•創新菜","以新加坡主廚的英文名字Jimmy Lim命名，他曾在多家歐陸餐廳工作，但其父親過去在獅城擁有一個供應當地美食的小販攤位，成為他烹飪靈感的來源。品嚐菜單結合了臺灣在地食材、法式料理技巧和東南亞飲食文化，菜色按季更換，以創新面貌呈現海南雞飯、沙爹和辣椒蟹等傳統佳餚。","'JCB_X_Visa_中國銀聯_M_大來卡(DinersClub)","n_二星：烹調出色，不容錯過！_ó_舒適(上佳)","https://guide.michelin.com/tw/zh_TW/taichung-region/taichung/restaurant/jl-studio","[""24.1505685"",""120.6285546""]"
"台客燒肉粥","南屯區五權西路二段722之1號,Taichung,408,臺北／臺中","200-500TWD•粥品","店長的爺爺於1971年創立忠孝路肉粥，其手藝也一直傳承至今，成為這家新店的重要支柱。如日式屋台的格局配合鏤空木門框、木桌椅，帶懷舊氣氛且風格獨特。採用每天熬煮的大骨、雞骨湯入饌，味道清香。招牌菜秘方燒肉用上逾十種醃料，現點現炸，香酥味美。最後當然要嚐嚐用料新鮮、款式多樣的砂鍋粥。","'Takeaway_X_Visa_f_室外停車場_接受信用卡","=_必比登推介：具品質且經濟實惠的美食_ò_頗舒適","https://guide.michelin.com/tw/zh_TW/taichung-region/taichung/restaurant/tai-ke-meat-congee","[""24.142923"",""120.636813""]"
"森鐵板燒","南屯區益豐路四段502號,Taichung,408,臺北／臺中","900-9,000TWD•鐵板燒","提供全臺首創的無油料理和牛肉分解料理。前者是烹調過程不用油，依靠廚師對火候的控制，做到色香味俱全。後者則根據肉質和油脂比例，配合適當的料理手法，讓食客享受牛肉的多重口感。肉類選項豐富，包括全臺獨家限量供應的日本皇室和牛、澳洲M9和牛、美國金牌極黑和牛，另有龍蝦、伊比利豬等，滿足不同需求。","'X_Visa_”_吧檯式_f_室外停車場_接受信用卡","‹_米其林餐盤：供應美味菜餚的餐廳_ó_舒適","https://guide.michelin.com/tw/zh_TW/taichung-region/taichung/restaurant/mori-teppanyaki","[""24.148551"",""120.628893""]"
"湄南河","南屯區龍富十五路36號,Taichung,40880,臺北／臺中","500-800TWD•泰國菜","老闆來自清邁，店內從吊燈、飾品以至餐具都從家鄉運到，充滿泰國風情。他和主廚更會定期到訪清邁，增進料理技巧，加深對當地香料的了解。綠咖哩偏向泰北口味，較為清香，值得一試。另可搭配月亮蝦餅，還有以自製蝦醬烹調的炒菜。戶外用餐區點綴了色彩繽紛的燈籠，洋溢派對氣氛，適合朋友聚會。","'JCB_Takeaway_X_Visa_f_室外停車場","‹_米其林餐盤：供應美味菜餚的餐廳_ó_舒適","https://guide.michelin.com/tw/zh_TW/taichung-region/taichung/restaurant/maenam","[""24.14298"",""120.63302""]"
"金悅軒","南屯區公益路二段213號,Taichung,408,臺北／臺中","600-1,600TWD•粵菜","位於歐陸風格的獨立建築之中，外觀甚有氣派。門口的大型魚缸滿載各式各樣海鮮：沙公、龍蝦、野生七星斑等應有盡有。廚房各料理區皆由香港人帶領，盡顯傳統粵菜風味。除了一系列港式點心，蜜汁叉燒和避風塘炒龍蝦也是熱門菜色，也可一嚐當季的時令菜，例如秋天的大閘蟹和冬天的羊腩煲。","'JCB_Maestro_Takeaway_X_Visa","‹_米其林餐盤：供應美味菜餚的餐廳_ó_舒適","https://guide.michelin.com/tw/zh_TW/taichung-region/taichung/restaurant/jin-yue-xuan","[""24.132334"",""120.6441356""]"
"千味海鮮","南屯區文心南五路一段326之3號,Taichung,408,臺北／臺中","600-1,000TWD•臺灣菜","以臺菜為主的餐館，魚缸中不乏時令海鮮，可以配合多種煮法，不妨請店員一一介紹。推薦麻油煮沙母，以乾煸過的薑片和綜合菇菌烹調，味道鮮甜，充滿香氣。多人聚餐的話，點上一份陶板藥膳活鮮蝦與一鍋蒜苗白鯧米粉，一同分享。環境簡潔但服務殷勤，設多個包廂，適合家庭聚會及各類宴請。","'Takeaway_X_Visa_接受信用卡_E_無煙餐廳","‹_米其林餐盤：供應美味菜餚的餐廳_ò_頗舒適","https://guide.michelin.com/tw/zh_TW/taichung-region/taichung/restaurant/chien-wei-seafood","[""24.132334"",""120.6441356""]"
"品法","南屯區永春東路1320號,Taichung,408,臺北／臺中","2,180-3,580TWD•時尚法國菜","主廚曾經旅居法國，回臺後開設這家餐廳，希望提供舒適的場所，並運用在地食材，呈現於異地學到的料理手法。為了保持新鮮感，每兩個月更換菜單，特別時節更會推出限定套餐。經典南瓜湯口感絲滑，搭配南瓜薄凍和酥炸菇球，層次豐富。另外，提供逾十種單杯餐酒，進一步還原法國的飲食習慣和餐酒文化。","'JCB_X_Visa_中國銀聯_”_吧檯式","‹_米其林餐盤：供應美味菜餚的餐廳_ò_頗舒適","https://guide.michelin.com/tw/zh_TW/taichung-region/taichung/restaurant/revivre","[""24.137335"",""120.6331795""]"
"鮨戎","西區民生北路107號2樓,Taichung,臺北／臺中","2,600-4,500TWD•壽司","位於古老日式宅院二樓，小庭院裡松樹與石板交替陳列，加上傳統木造樓梯、精緻餐具和古燈，滿載歷史感。料理長曾於大阪修業，選用的食材八成來自日本。晚間提供兩種價位的無菜單料理，以生食和壽司為主，同時加入少許割烹菜餚。如果偏好壽司可提前告知，讓餐廳另作安排。共十個板前座位，建議預訂。","'X_Visa_”_吧檯式_接受信用卡_E_無煙餐廳","‹_米其林餐盤：供應美味菜餚的餐廳_ò_頗舒適(上佳)","https://guide.michelin.com/tw/zh_TW/taichung-region/taichung/restaurant/sushi-ron","[""23.4765064"",""120.4465151""]"