"Title","URL","Time","Author","Type"
"#01ã€æœ‰è²è–ç¶“ã€‘å‰µä¸–è¨˜ï¼šä¸­æ–‡å’Œåˆæœ¬è–ç¶“100é€±å¹´ç´€å¿µ(1919-2019)","https://www.youtube.com/watch?v=i2UBCxwUL-s","25è¬æ¬¡","David Yené–»å¤§è¡›","item"
"åœ£ç»è®²è§£åˆ›ä¸–çºªç¬¬01ç«  Bible Genesis01","https://www.youtube.com/watch?v=MoVM71WHSUE","7472æ¬¡","è®²è§£åœ£ç»","item"
"åœ£ç»è®²è§£åˆ›ä¸–çºªç¬¬31ç«  Bible Genesis31","https://www.youtube.com/watch?v=CpoDiuWH-Ms","907æ¬¡","è®²è§£åœ£ç»","item"
"åœ£ç»è®²è§£åˆ›ä¸–çºªç¬¬30ç«  Bible Genesis30","https://www.youtube.com/watch?v=69FdKUjAayY","1069æ¬¡","è®²è§£åœ£ç»","item"
"å¤§è¡›é®‘æ£®èˆŠç´„ç¸±è¦½ - å‰µä¸–è¨˜(ä¸€) è–ç¶“çš„åŸºç¤","https://www.youtube.com/watch?v=fizg-bxIjuY","31è¬æ¬¡","å¤§è¡›é®‘æ£®åœ‹éš›ä¸­æ–‡é »é“","item"
"åœ£ç»è®²è§£åˆ›ä¸–çºªç¬¬9ç«  Bible Genesis 09","https://www.youtube.com/watch?v=kMXl8uEVFP4","1538æ¬¡","è®²è§£åœ£ç»","item"
"å’Œåˆæœ¬åœ£ç» â€¢ åˆ›ä¸–è®° | Chinese Union Version Bible â€¢ Genesis","https://www.youtube.com/watch?v=69yFnhE0uh4","54è¬æ¬¡","ç¥çš„è©±èª","item"
"åœ£ç»è®²è§£åˆ›ä¸–çºªç¬¬10ç«  Bible Genesis 10","https://www.youtube.com/watch?v=QjounxuDD60","782æ¬¡","è®²è§£åœ£ç»","item"
"å¯‡ç´¹æ¶µç‰§å¸«: å‰µä¸–è¨˜ä¸€è‡³åä¸€ç« ä¿¡æ¯åˆ†äº«","https://www.youtube.com/watch?v=lnU9KBpuBcc","9.4è¬æ¬¡","Light of Morning Star Studio","item"
"è€¶ç¨£ç”µå½± - ä¸­æ–‡ - Mandarin - Chinese ğŸ‡¨ğŸ‡³ğŸ‡¹ğŸ‡¼ - 1Billion.org è€¶ç¨£åŸºç£ - è€¶ç¨£åŸºç£æ˜¯ä¸Šå¸å—? - ç¥ - è®¤è¯†ä¸Šå¸","https://www.youtube.com/watch?v=qGsaYPg3mLE","46è¬æ¬¡","1Billion You","item"
"ã€éœ‡æ’¼ã€‘èˆŠç´„è–ç¶“ä¸­è¨˜è¼‰çš„äººé¡èµ·æºæ‰æ˜¯çœŸå¯¦çš„ | è€é«˜èˆ‡å°èŒ‰ Mr & Mrs Gao","https://www.youtube.com/watch?v=iEeBnhMadkk","505è¬æ¬¡","è€é«˜èˆ‡å°èŒ‰ Mr & Mrs Gao","item"
"5åˆ†é˜çœ‹æ‡‚è–ç¶“èˆŠç´„","https://www.youtube.com/watch?v=oBPGBk3rLxA","61è¬æ¬¡","HBC777777","item"
"å…«åˆ†é˜è®€å®Œè–ç¶“","https://www.youtube.com/watch?v=ot-iWptQPdw","41è¬æ¬¡","jasonmel","item"
"#01 ã€å‰µä¸–è¨˜ã€‘ã€æœ‰è²è–ç¶“å­—å¹•ç‰ˆã€‘ä¸­æ–‡å’Œåˆæœ¬è–ç¶“100é€±å¹´ç´€å¿µï¼ˆä¿®æ­£ç‰ˆï¼‰","https://www.youtube.com/watch?v=eq1PYzmKQh4","3.5è¬æ¬¡","David Yené–»å¤§è¡›","item"
"ã€Šè¯»åœ£ç»ã€‹ç³»åˆ—ï¼šåˆ›ä¸–è®° ä¸Šé›† Genesis 1-11","https://www.youtube.com/watch?v=BuG9tKLsl7o","11è¬æ¬¡","BibleProject - Mandarin Chinese æ™®é€šè¯","item"
"å‰µä¸–è¨˜1ç« /é™ªä½ è®€è–ç¶“ã€Šè–ç¶“è®€ä¸æ‡‚æ€éº¼è¾¦ï¼Ÿã€‹","https://www.youtube.com/watch?v=xKRtayRyvUE","4è¬æ¬¡","JAMæ„›çš„å½±éŸ¿åŠ›","item"
"ã€Šè¯»åœ£ç»ã€‹ç³»åˆ—ï¼šåˆ›ä¸–è®° ä¸‹é›† Genesis 12-50","https://www.youtube.com/watch?v=sT67Uat1uoE","5.2è¬æ¬¡","BibleProject - Mandarin Chinese æ™®é€šè¯","item"
"æ€é«˜è–ç¶“ â€¢ å‰µä¸–ç´€ï¼ˆGenesisï¼‰","https://www.youtube.com/watch?v=vq5rZMUa-VY","1998æ¬¡","ç¥çš„è©±èª","item"
"ã€Šè®€è–ç¶“ã€‹ç³»åˆ—ï¼šå‰µä¸–è¨˜ ä¸ŠåŠéƒ¨åˆ† Genesis 1-11","https://www.youtube.com/watch?v=S38rIpQrVS8","8.3è¬æ¬¡","BibleProject - Cantonese Chinese ç²µèª","item"
"ã€Šåˆ›ä¸–çºªã€‹åœ£ç»è®²åº§ ç¬¬ä¸‰è®² æ’’æ—¦ä¸äººçš„å •è½","https://www.youtube.com/watch?v=aoJpawYlCCc","1953æ¬¡","æ–°äºº NEWMAN","item"
"è–ç¶“ç°¡å ±ç«™ï¼šå‰µä¸–è¨˜40-42ç« ","https://www.youtube.com/watch?v=2BpDlkfTNgc","1è¬æ¬¡","BiblePoint .net","item"
"200401 å‰µä¸–è¨˜ 1ç« 1~2ç« 3ç¯€","https://www.youtube.com/watch?v=pvvevxT3zH4","4è¬æ¬¡","æ·¡æ±Ÿæ•™æœƒ-åœ‹åº¦å½±éŸ³","item"
"[è½è–ç¶“å­¸è‹±èª]ä¸­è‹±è–ç¶“ å‰µä¸–ç´€ç¬¬ä¸€ç«  ç¥å‰µé€ å¤©åœ°  Genesis 1","https://www.youtube.com/watch?v=YrXpAs3R7_s","3065æ¬¡","[è½è–ç¶“å­¸è‹±èªListen to Bible]ä¸­è‹±è–ç¶“","item"
"è–ç¶“ç°¡å ±ç«™ï¼šå‰µä¸–è¨˜46-48ç« ","https://www.youtube.com/watch?v=IJVes9CtGTg","1.1è¬æ¬¡","BiblePoint .net","item"
"è–ç¶“ç°¡å ±ç«™ï¼šå‰µä¸–è¨˜28-31ç« ","https://www.youtube.com/watch?v=17Kl8sJ9NlM","1.6è¬æ¬¡","BiblePoint .net","item"
"è–ç¶“ç‰‡æ®µã€å‰µä¸–ç´€1:1~2:4ã€‘","https://www.youtube.com/watch?v=68DxrEOz914","2.5è¬æ¬¡","è€¶ç©Œæ˜¯ä¸»Jesus is Lord","item"
"å¯‡ç´¹æ¶µç‰§å¸«: å‰µä¸–è¨˜æ¦‚è«–","https://www.youtube.com/watch?v=AB7jXDmrPsc","7è¬æ¬¡","Light of Morning Star Studio","item"
"å‰µä¸–è¨˜25ç« /é™ªä½ è®€è–ç¶“ã€Šä¸è¦è¼•çœ‹å¾ä¸Šå¸è€Œä¾†çš„ç¥ç¦ã€‹","https://www.youtube.com/watch?v=SprB9CJ-6nw","6938æ¬¡","JAMæ„›çš„å½±éŸ¿åŠ›","item"
"è–ç¶“ç°¡å ±ç«™ï¼šå‰µä¸–è¨˜32-34ç« ","https://www.youtube.com/watch?v=8SjDl4yd1LA","9527æ¬¡","BiblePoint .net","item"
"è–ç¶“ç°¡å ±ç«™ï¼šå‰µä¸–è¨˜1ç« (ä¸Š)","https://www.youtube.com/watch?v=odp1P94jy4A","5.6è¬æ¬¡","BiblePoint .net","item"
"å‰µä¸–è¨˜4ç« /é™ªä½ è®€è–ç¶“ã€ŠçŒœçŒœçœ‹ä¸Šå¸çœ‹é‡çš„æ˜¯ä½ ï¼Œé‚„æ˜¯ä½ çš„è²¢ç»ï¼Ÿã€‹","https://www.youtube.com/watch?v=45W7YbSFFG8","1.3è¬æ¬¡","JAMæ„›çš„å½±éŸ¿åŠ›","item"
"æ·±åº¦è§£è®€ã€Šè–ç¶“æ•…äº‹ã€‹ç¬¬1é›†ï¼Œè«¾äºæ–¹èˆŸç¶“æ­·40å¤©æ»”å¤©æ´ªæ°´ï¼Œæ‘©è¥¿é ˜çœ¾äººå‡ºåŸƒåŠå›æ­¸æ•…åœŸ","https://www.youtube.com/watch?v=V8nFHZ0Rvww","65è¬æ¬¡","é˜¿æ–—å½’æ¥äº†","item"
"è–ç¶“ç°¡å ±ç«™ï¼šå‰µä¸–è¨˜37-39ç« ","https://www.youtube.com/watch?v=R4amZDnrIHU","1.3è¬æ¬¡","BiblePoint .net","item"
"ç©ºä¸­è–ç¶“å­¸é™¢~å‰µä¸–ç´€(49)-ç´„ç‘Ÿä½¿åŸƒåŠç™¾å§“åšå¥´åƒ•","https://www.youtube.com/watch?v=l49X5sy7V4M","7626æ¬¡","GOOD TV å¥½æ¶ˆæ¯é›»è¦–å°","item"
"å…’ç«¥è–ç¶“æ•…äº‹ 1. ç¥å‰µé€ çš„ä¸–ç•Œ.","https://www.youtube.com/watch?v=KN3y2VgWut8","42è¬æ¬¡","Frances6735","item"
"å‰µä¸–è¨˜2ç« /é™ªä½ è®€è–ç¶“ã€Šä¸Šå¸å‰µé€ æˆ‘å€‘è¦å¹¹å˜›ï¼Ÿã€‹","https://www.youtube.com/watch?v=TqaJ0SK-65U","1.8è¬æ¬¡","JAMæ„›çš„å½±éŸ¿åŠ›","item"
"å‰µä¸–è¨˜3ç« /é™ªä½ è®€è–ç¶“ã€Šæ„›ä½  æ‰ç‚ºä½ ç«‹è¦çŸ©ã€‹","https://www.youtube.com/watch?v=_dpQb--pZyA","1.5è¬æ¬¡","JAMæ„›çš„å½±éŸ¿åŠ›","item"
"è–ç¶“ç°¡å ±ç«™ï¼šå‰µä¸–è¨˜15-17ç« ","https://www.youtube.com/watch?v=1xoL6M6-nnY","9558æ¬¡","BiblePoint .net","item"
"å‰µä¸–è¨˜41ç« /é™ªä½ è®€è–ç¶“ã€Šè°·åº•ç¿»èº«ï¼Œè®“ä¸Šå¸ç¿»è½‰ä½ çš„äººç”Ÿã€‹","https://www.youtube.com/watch?v=1jA9buAOaIY","9414æ¬¡","JAMæ„›çš„å½±éŸ¿åŠ›","item"
"è–ç¶“ç°¡å ±ç«™ï¼šå‰µä¸–è¨˜49ç« (ä¸‹)-50ç« ","https://www.youtube.com/watch?v=6HMXLJt2kVo","9709æ¬¡","BiblePoint .net","item"
"è¯èªèˆŠç´„è–ç¶“ å‰µä¸–ç´€ ç¬¬ 1 ç«  ç¾ä»£ä¸­æ–‡è­¯æœ¬2019ç‰ˆ","https://www.youtube.com/watch?v=PdlsQRdy8V0","26æ¬¡","è˜‡ä¿Šé›„","item"
"è–ç¶“ç°¡å ±ç«™ï¼šå‰µä¸–è¨˜35-36ç« ","https://www.youtube.com/watch?v=srJqSC9zJp0","1.1è¬æ¬¡","BiblePoint .net","item"
"è–ç¶“ç°¡å ±ç«™ï¼šå‰µä¸–è¨˜43-45ç« ","https://www.youtube.com/watch?v=wjAxGt1nVp4","1è¬æ¬¡","BiblePoint .net","item"
"åœ£ç»è®²è§£åˆ›ä¸–çºªç¬¬14ç«  Bible Genesis 14","https://www.youtube.com/watch?v=lI50QmVmwq8","839æ¬¡","è®²è§£åœ£ç»","item"
"ç©ºä¸­è–ç¶“å­¸é™¢~å‰µä¸–è¨˜(1)-ä¸€:1~8","https://www.youtube.com/watch?v=5FqE64x8a_U","3.9è¬æ¬¡","GOOD TV å¥½æ¶ˆæ¯é›»è¦–å°","item"
"è–ç¶“ç°¡å ±ç«™ï¼šå‰µä¸–è¨˜49ç« (ä¸Š)","https://www.youtube.com/watch?v=vWxfOAwfWA8","1.2è¬æ¬¡","BiblePoint .net","item"
"å‰µä¸–è¨˜12ç« /é™ªä½ è®€è–ç¶“ã€Šåœ¨ä¿¡å¿ƒä¸­å‹‡æ•¢ï¼Œè®“æˆ‘å€‘ä¾†å­¸äºä¼¯è˜­ã€‚ã€‹","https://www.youtube.com/watch?v=qysLQna01FI","1è¬æ¬¡","JAMæ„›çš„å½±éŸ¿åŠ›","item"
"å‰µä¸–è¨˜26ç« /é™ªä½ è®€è–ç¶“ã€Šä¸Šå¸çš„æ„›å¡«æ»¿æ‰€æœ‰çš„ç¼ºä¹ã€‹","https://www.youtube.com/watch?v=r6S9oAhZtP8","7064æ¬¡","JAMæ„›çš„å½±éŸ¿åŠ›","item"
"åœ£ç»è®²è§£åˆ›ä¸–çºªç¬¬42ç«  Bible Genesis42","https://www.youtube.com/watch?v=lwSFPiYUcLg","779æ¬¡","è®²è§£åœ£ç»","item"
"åœ£ç»è®²è§£åˆ›ä¸–çºªç¬¬25ç«  Bible Genesis25","https://www.youtube.com/watch?v=H6vtY_XKe8c","820æ¬¡","è®²è§£åœ£ç»","item"
"å‰µä¸–è¨˜38ç« /é™ªä½ è®€è–ç¶“ã€Šå°ä¸èµ·ï¼Œé€™æ˜¯æˆ‘çš„éŒ¯ã€‹","https://www.youtube.com/watch?v=U7vcXzR5g4c","5720æ¬¡","JAMæ„›çš„å½±éŸ¿åŠ›","item"
"è–ç¶“ç°¡å ±ç«™ï¼šå‰µä¸–è¨˜12-14ç« ","https://www.youtube.com/watch?v=YwiEv2RZleA","2.1è¬æ¬¡","BiblePoint .net","item"
"å‰µä¸–è¨˜34ç« /é™ªä½ è®€è–ç¶“ã€Šæ¨ç„¡æ³•è§£æ±ºå•é¡Œï¼Œæ„›å¯ä»¥ã€‹","https://www.youtube.com/watch?v=i8AeWWO1mts","5761æ¬¡","JAMæ„›çš„å½±éŸ¿åŠ›","item"
"è–ç¶“æ•…äº‹åº«ï¼šå‰µä¸–è¨˜ ï¼ˆä¸€ï¼‰ è–ç¶“èˆ‡ç¥çš„å‰µé€ ","https://www.youtube.com/watch?v=SgLe7VVs2a0","2210æ¬¡","æ´»æ°´åº«","item"
"åœ£ç»è®²è§£åˆ›ä¸–çºªç¬¬23ç«  Bible Genesis23","https://www.youtube.com/watch?v=h3oEkpO2khM","678æ¬¡","è®²è§£åœ£ç»","item"
"å‰µä¸–è¨˜21ç« /é™ªä½ è®€è–ç¶“ã€Šåˆ¥æ‡·ç–‘ï¼ç¥çš„æ‡‰è¨±ä¸æœƒè½ç©ºã€‹","https://www.youtube.com/watch?v=arp04w3VSlE","7343æ¬¡","JAMæ„›çš„å½±éŸ¿åŠ›","item"
"åœ£ç»è®²è§£åˆ›ä¸–çºªç¬¬3ç« Bible Genesis 03","https://www.youtube.com/watch?v=ToAGqVwOYoQ","2409æ¬¡","è®²è§£åœ£ç»","item"
"åœ£ç»è®²è§£åˆ›ä¸–çºªç¬¬5ç«  Bible Genesis 05","https://www.youtube.com/watch?v=L0cnZjaDhIY","1309æ¬¡","è®²è§£åœ£ç»","item"
"å‰µä¸–è¨˜35ç« /é™ªä½ è®€è–ç¶“ã€Šä¸è¦å¿˜è¨˜ä½ æ˜¯èª°ï¼Œæ‰“èµ·ç²¾ç¥å†å‡ºç™¼ã€‹","https://www.youtube.com/watch?v=CW-VgNEQfJU","5805æ¬¡","JAMæ„›çš„å½±éŸ¿åŠ›","item"
"è–ç¶“æ•…äº‹å‹•ç•«01 å‰µä¸–ç´€   è§€çœ‹æ›´å¤šæ•™è‚²å‹•ç•«ç‰‡è«‹åˆ°https://www.patreon.com/wisepod","https://www.youtube.com/watch?v=MpCOJ3q4JrA","5è¬æ¬¡","mangotree ma","item"
"åœ£ç»è®²è§£åˆ›ä¸–çºªç¬¬20ç«  Bible Genesis20","https://www.youtube.com/watch?v=pRK3g3s9WYA","574æ¬¡","è®²è§£åœ£ç»","item"
"å‰µä¸–è¨˜37ç« /é™ªä½ è®€è–ç¶“ã€Šè‹¦é›£å†è‹¦ï¼Œéƒ½åªæ˜¯ç¥ç¦çš„é–‹å ´èˆã€‹","https://www.youtube.com/watch?v=kC_rPhj0RtU","6321æ¬¡","JAMæ„›çš„å½±éŸ¿åŠ›","item"
"åœ£ç»è®²è§£åˆ›ä¸–çºªç¬¬6ç«  Bible Genesis 06","https://www.youtube.com/watch?v=_3plCNS9xd8","1756æ¬¡","è®²è§£åœ£ç»","item"
"è–ç¶“ç°¡å ±ç«™ï¼šå‰µä¸–è¨˜3ç« (ä¸Š)(é€²éšç‰ˆ)","https://www.youtube.com/watch?v=OoZ_p7inayk","1.6è¬æ¬¡","BiblePoint .net","item"
"å‰µä¸–è¨˜9ç« /é™ªä½ è®€è–ç¶“ã€Šå‰µé€ å½©è™¹çš„ä¸Šå¸ å…¶å¯¦å¾ˆæµªæ¼«ã€‹","https://www.youtube.com/watch?v=UBAz9lJLaY4","1.1è¬æ¬¡","JAMæ„›çš„å½±éŸ¿åŠ›","item"
"åœ£ç»è®²è§£åˆ›ä¸–çºªç¬¬35ç«  Bible Genesis35","https://www.youtube.com/watch?v=OONn8agZXHA","886æ¬¡","è®²è§£åœ£ç»","item"
"åœ£ç»è®²è§£åˆ›ä¸–çºªç¬¬13ç«  Bible Genesis 13","https://www.youtube.com/watch?v=DjTQS-Uwxe0","927æ¬¡","è®²è§£åœ£ç»","item"
"è–ç¶“ç°¡å ±ç«™ï¼šå‰µä¸–è¨˜26-27ç« ","https://www.youtube.com/watch?v=h8n_faeZ-5Q","1.5è¬æ¬¡","BiblePoint .net","item"
"å‰µä¸–è¨˜47ç« /é™ªä½ è®€è–ç¶“ã€Šå‡ºæ–¼æ„›çš„ç®¡ç†å­¸ï¼Œæ·±å¾—äººå¿ƒã€‹","https://www.youtube.com/watch?v=eWrsySsiJ6k","5858æ¬¡","JAMæ„›çš„å½±éŸ¿åŠ›","item"
"å‰µä¸–è¨˜28ç« /é™ªä½ è®€è–ç¶“ã€Šé›…å„è¦ªè‡ªç¶“æ­·ä¸Šå¸ï¼Œç¥ç¦ä½ ä¹Ÿæ˜¯ã€‹","https://www.youtube.com/watch?v=EWpEHAlWkag","6448æ¬¡","JAMæ„›çš„å½±éŸ¿åŠ›","item"
"è–ç¶“ç°¡å ±ç«™ï¼šå‰µä¸–è¨˜23-24ç« ","https://www.youtube.com/watch?v=ABuM_CyrX8w","1.4è¬æ¬¡","BiblePoint .net","item"
"ã€Šåˆ›ä¸–çºªã€‹åœ£ç»è®²åº§ ç¬¬äºŒè®²ï¼ˆä¸‹ï¼‰ç¥é€ äººçš„ç›®çš„","https://www.youtube.com/watch?v=yWo716x4ohw","1024æ¬¡","æ–°äºº NEWMAN","item"
"å‰µä¸–è¨˜30ç« /é™ªä½ è®€è–ç¶“ã€Šä½ å°±æ˜¯å€‹å¯¶ï¼Œç¥ç¦äººäººå¥½ã€‹","https://www.youtube.com/watch?v=ttQDF5fkbSg","6326æ¬¡","JAMæ„›çš„å½±éŸ¿åŠ›","item"
"åœ£ç»è®²è§£åˆ›ä¸–çºªç¬¬40ç«  Bible Genesis40","https://www.youtube.com/watch?v=KVwOXSe9VNM","509æ¬¡","è®²è§£åœ£ç»","item"
"åœ£ç»è®²è§£åˆ›ä¸–çºªç¬¬39ç«  Bible Genesis39","https://www.youtube.com/watch?v=UXfeV-dFHZA","777æ¬¡","è®²è§£åœ£ç»","item"
"åœ£ç»è®²è§£åˆ›ä¸–çºªç¬¬28ç«  Bible Genesis28","https://www.youtube.com/watch?v=oktzdPJOBt8","1061æ¬¡","è®²è§£åœ£ç»","item"
"è¯èªèˆŠç´„è–ç¶“ å‰µä¸–ç´€     ç¬¬ 3 ç«  ç¾ä»£ä¸­æ–‡è­¯æœ¬2019ç‰ˆ","https://www.youtube.com/watch?v=cqZxcgsUwuQ","20æ¬¡","è˜‡ä¿Šé›„","item"
"åœ£ç»è®²è§£åˆ›ä¸–çºªç¬¬11ç«  Bible Genesis 11","https://www.youtube.com/watch?v=9RVgj91vKFY","1156æ¬¡","è®²è§£åœ£ç»","item"
"1.ã€Šåˆ›ä¸–çºªã€‹ æ—§çº¦åœ£ç»é€Ÿè¯»ï¼ˆ92åˆ†é’Ÿè¯»å®Œï¼‰ åœ£ç»æœ—è¯» â­ -  32å°æ—¶è¯»å®Œå…¨æœ¬åœ£ç» #é€ŸÎ¸è¯»","https://www.youtube.com/watch?v=jeFQlwM98l0","2024æ¬¡","ç”Ÿå‘½å»ºé€  â€ ","item"
"è–ç¶“ç°¡å ±ç«™ï¼šå‰µä¸–è¨˜18-19ç« ","https://www.youtube.com/watch?v=D6BAh3yZhD4","1.7è¬æ¬¡","BiblePoint .net","item"
"è–ç¶“ç°¡å ±ç«™ï¼šå‰µä¸–è¨˜4ç« (ä¸‹)-6ç« (é€²éšç‰ˆ)","https://www.youtube.com/watch?v=sTkiuy66Dsc","1.5è¬æ¬¡","BiblePoint .net","item"
"åœ£ç»è®²è§£åˆ›ä¸–çºªç¬¬24ç«  Bible Genesis24","https://www.youtube.com/watch?v=gRLMmeYyK0w","977æ¬¡","è®²è§£åœ£ç»","item"
"å‰µä¸–è¨˜36ç« /é™ªä½ è®€è–ç¶“ã€Šåˆ¥èµ°é äº†ï¼Œä¸Šå¸åœ¨é€™è£¡ç­‰ä½ ã€‹","https://www.youtube.com/watch?v=MuEEWUZ8Dj4","6036æ¬¡","JAMæ„›çš„å½±éŸ¿åŠ›","item"
"è–ç¶“ç°¡å ±ç«™ï¼šå‰µä¸–è¨˜25ç« ","https://www.youtube.com/watch?v=1Pg8EJdPGA4","1.2è¬æ¬¡","BiblePoint .net","item"
"å‰µä¸–è¨˜31ç« /é™ªä½ è®€è–ç¶“ã€Šå›åˆ°èˆ‡ç¥¢ç›¸é‡çš„é‚£å¤©ã€‹","https://www.youtube.com/watch?v=P-txmSDn75o","6480æ¬¡","JAMæ„›çš„å½±éŸ¿åŠ›","item"
"ä¸‰åˆ†é’Ÿè®©ä½ çŸ¥é“åœ£ç»æ—§çº¦ã€Šåˆ›ä¸–çºªã€‹è®²ä»€ä¹ˆï¼Ÿ åœ£ç»è¯´ #42 åœ£ç»å¯¼è¯» l Book of Genesis","https://www.youtube.com/watch?v=p4VWkFS8fQ0","582æ¬¡","è£…å¤‡ç”Ÿå‘½","item"
"è–ç¶“ç°¡å ±ç«™ï¼šå‰µä¸–è¨˜20-22ç« ","https://www.youtube.com/watch?v=KDPDc8jt104","1.8è¬æ¬¡","BiblePoint .net","item"
"å‰µä¸–è¨˜39ç« /é™ªä½ è®€è–ç¶“ã€Šæœ‰å¤¢æƒ³ï¼Œæœ‰å›°é›£ï¼Œæœ‰ä¸Šå¸ã€‹","https://www.youtube.com/watch?v=fispFGU5fCE","5612æ¬¡","JAMæ„›çš„å½±éŸ¿åŠ›","item"
"å‰µä¸–è¨˜23ç« /é™ªä½ è®€è–ç¶“ã€Šæ†‘è‘—ä¿¡å¿ƒï¼Œä½ å¯ä»¥çœ‹å¾—æ›´é•·é ã€‹","https://www.youtube.com/watch?v=JPgMQRd6Rys","6909æ¬¡","JAMæ„›çš„å½±éŸ¿åŠ›","item"
"å‰µä¸–è¨˜5ç« /é™ªä½ è®€è–ç¶“ã€Šä¸Šå¸çš„å¿ƒè£¡æœ‰ä½ çš„åå­—ã€‹","https://www.youtube.com/watch?v=jXJ9OOoAyak","1.2è¬æ¬¡","JAMæ„›çš„å½±éŸ¿åŠ›","item"
"200404 å‰µä¸–è¨˜ 4ç« 1~26ç¯€","https://www.youtube.com/watch?v=KHNhQf-Tx_8","1.6è¬æ¬¡","æ·¡æ±Ÿæ•™æœƒ-åœ‹åº¦å½±éŸ³","item"
"å‰µä¸–è¨˜43ç« /é™ªä½ è®€è–ç¶“ã€Šé¢å°å‚·å®³ï¼Œè®“æˆ‘å€‘ä»¥æ„›ç›¸å¾…ã€‹","https://www.youtube.com/watch?v=ChRqvfQWr5s","5944æ¬¡","JAMæ„›çš„å½±éŸ¿åŠ›","item"
"è–ç¶“ç°¡å ±ç«™ï¼šå‰µä¸–è¨˜9ç« (ä¸‹)-12ç« (ä¸Š)","https://www.youtube.com/watch?v=5PEx5PuYJFw","1.7è¬æ¬¡","BiblePoint .net","item"
"å‰µä¸–è¨˜13ç« /é™ªä½ è®€è–ç¶“ã€Šæœ‰äº†ä¸Šå¸çš„ç¥ç¦ï¼Œä½ é‚„è·Ÿäººçˆ­ä»€éº¼ï¼Ÿã€‹","https://www.youtube.com/watch?v=HSxeN5vT-UY","9611æ¬¡","JAMæ„›çš„å½±éŸ¿åŠ›","item"
"åœ£ç»è®²è§£åˆ›ä¸–çºªç¬¬12ç«  Bible Genesis 12","https://www.youtube.com/watch?v=6vXkIW17HTU","1094æ¬¡","è®²è§£åœ£ç»","item"
"å‰µä¸–è¨˜32ç« /é™ªä½ è®€è–ç¶“ã€Šä»¥è‰²åˆ—é€™å€‹åœ‹å®¶çš„åå­—æ˜¯æ€éº¼ä¾†çš„å‘¢ï¼Ÿã€‹","https://www.youtube.com/watch?v=DFdB7nISHiM","6049æ¬¡","JAMæ„›çš„å½±éŸ¿åŠ›","item"
"å‰µä¸–è¨˜8ç« /é™ªä½ è®€è–ç¶“ã€Šå¿ƒçš„æ„Ÿè¬ï¼Œæ–°çš„é–‹å§‹ã€‹","https://www.youtube.com/watch?v=0_wHY5H_PDY","1è¬æ¬¡","JAMæ„›çš„å½±éŸ¿åŠ›","item"
"[è½è–ç¶“å­¸è‹±èª]ä¸­è‹±è–ç¶“ å‰µä¸–ç´€ç¬¬ä¸‰ç«  å§‹ç¥–çŠ¯ç½ª äººçš„å¢®è½ Genesis 3","https://www.youtube.com/watch?v=tCnlF-hmjXU","353æ¬¡","[è½è–ç¶“å­¸è‹±èªListen to Bible]ä¸­è‹±è–ç¶“","item"
"å‰µä¸–è¨˜6ç« /é™ªä½ è®€è–ç¶“ã€Šå¦‚æœæœ‰å¤©ä¸Šå¸è¦ä½ é€ æ–¹èˆŸï¼Œä½ æœƒæ€éº¼åšå‘¢ï¼Ÿã€‹","https://www.youtube.com/watch?v=83W9ZvjIJR4","1.1è¬æ¬¡","JAMæ„›çš„å½±éŸ¿åŠ›","item"
"å‰µä¸–è¨˜22ç« /é™ªä½ è®€è–ç¶“ã€Šç»ä¸Šæœ€å¿ƒæ„›çš„ï¼Œä½ æ¨å¾—å—ï¼Ÿã€‹","https://www.youtube.com/watch?v=3fh_9zYp6QU","7020æ¬¡","JAMæ„›çš„å½±éŸ¿åŠ›","item"
"å‰µä¸–è¨˜45ç« /é™ªä½ è®€è–ç¶“ã€Šå›éé ­çœ‹ï¼Œä¸Šå¸çš„æ„›æ¸…æ¸…æ¥šæ¥šã€‹","https://www.youtube.com/watch?v=8MqaXJRbBuU","5629æ¬¡","JAMæ„›çš„å½±éŸ¿åŠ›","item"
"å‰µä¸–è¨˜46ç« /é™ªä½ è®€è–ç¶“ã€Šæˆ‘å€‘çš„ç¥ï¼ŒçœŸçš„æ˜¯ä¸€ä½é¡˜æ„æ‹¯æ•‘æˆ‘å€‘çš„ç¥ã€‹","https://www.youtube.com/watch?v=yf2mdaoMHCU","5897æ¬¡","JAMæ„›çš„å½±éŸ¿åŠ›","item"
"åœ£ç»è®²è§£åˆ›ä¸–çºªç¬¬7ç«  Bible Genesis 07","https://www.youtube.com/watch?v=e38BaWaaCJE","821æ¬¡","è®²è§£åœ£ç»","item"
"å‰µä¸–è¨˜27ç« /é™ªä½ è®€è–ç¶“ã€Šçˆ­ä¾†çš„ç¥ç¦æœ‰é»è¾›è‹¦ã€‹","https://www.youtube.com/watch?v=qcCn84ZePi4","7110æ¬¡","JAMæ„›çš„å½±éŸ¿åŠ›","item"
"è–ç¶“ç°¡å ±ç«™ï¼šå‰µä¸–è¨˜7ç« -9ç« (ä¸Š)","https://www.youtube.com/watch?v=fJq3mZ2ffQU","1.6è¬æ¬¡","BiblePoint .net","item"
"åœ£ç»è®²è§£åˆ›ä¸–çºªç¬¬36ç«  Bible Genesis36","https://www.youtube.com/watch?v=A5nD43TffBE","474æ¬¡","è®²è§£åœ£ç»","item"
"å‰µä¸–è¨˜15ç« /é™ªä½ è®€è–ç¶“ã€Šä¸Šå¸çš„é å‚™ä½ çœ‹è¦‹äº†å—ï¼Ÿã€‹","https://www.youtube.com/watch?v=Cm7z9TCObvY","8478æ¬¡","JAMæ„›çš„å½±éŸ¿åŠ›","item"
"å‰µä¸–è¨˜20ç« /é™ªä½ è®€è–ç¶“ã€Šæœ‰ç¥åœ¨ï¼Œä½ å¯ä»¥æ›´æœ‰å®‰å…¨æ„Ÿã€‹","https://www.youtube.com/watch?v=lT--9C_YJbA","7277æ¬¡","JAMæ„›çš„å½±éŸ¿åŠ›","item"
"å‰µä¸–è¨˜7ç« /é™ªä½ è®€è–ç¶“ã€Šæ­å–œä½ ï¼ç¥æœƒä¿è­·ä»–æ‰€æ„›çš„äººã€‹","https://www.youtube.com/watch?v=lO99LyBJmOk","1.3è¬æ¬¡","JAMæ„›çš„å½±éŸ¿åŠ›","item"
"å‰µä¸–è¨˜50ç« /é™ªä½ è®€è–ç¶“ã€Šä¸Šå¸çš„å¿ƒæ˜¯å¯¬å®¹åˆæº«æš–çš„å¿ƒã€‹","https://www.youtube.com/watch?v=Fqg4V2qZVMI","6526æ¬¡","JAMæ„›çš„å½±éŸ¿åŠ›","item"
"å‰µä¸–è¨˜11ç« /é™ªä½ è®€è–ç¶“ã€Šä¸Šå¸çŸ¥é“é©•å‚²æœ‰å¤šå±éšªã€‹","https://www.youtube.com/watch?v=blrt35o2bMc","1è¬æ¬¡","JAMæ„›çš„å½±éŸ¿åŠ›","item"
"å‰µä¸–è¨˜44ç« /é™ªä½ è®€è–ç¶“ã€Šè³£æ‰å¼Ÿå¼Ÿçš„ä½ å€‘ï¼Œé€™æ¬¡æœƒæ€éº¼åšï¼Ÿã€‹","https://www.youtube.com/watch?v=jcRbgrtUP8E","5684æ¬¡","JAMæ„›çš„å½±éŸ¿åŠ›","item"
"å‰µä¸–è¨˜48ç« /é™ªä½ è®€è–ç¶“ã€Šè®“ä¸Šå¸çš„æ„›æˆç‚ºä½ çš„å‚³å®¶ä¹‹å¯¶ã€‹","https://www.youtube.com/watch?v=3AZpwG2g8YE","5477æ¬¡","JAMæ„›çš„å½±éŸ¿åŠ›","item"
"å‰µä¸–è¨˜49ç« /é™ªä½ è®€è–ç¶“ã€Šç‚ºä¸Šå¸åšå€‹ä¸ä¸€æ¨£çš„äººã€‹","https://www.youtube.com/watch?v=eacvz1WWqKU","5517æ¬¡","JAMæ„›çš„å½±éŸ¿åŠ›","item"
"åœ£ç»è®²è§£åˆ›ä¸–çºªç¬¬02ç«  Bible Genesis02","https://www.youtube.com/watch?v=dia-4RqiyMw","1483æ¬¡","è®²è§£åœ£ç»","item"
"å‰µä¸–è¨˜24ç« /é™ªä½ è®€è–ç¶“ã€Šè®“ä¸Šå¸å¹«åŠ©ä½ ï¼Œå®Œæˆä¸å¯èƒ½çš„ä»»å‹™ã€‹","https://www.youtube.com/watch?v=O9ov_EZ14YY","8158æ¬¡","JAMæ„›çš„å½±éŸ¿åŠ›","item"
"å‰µä¸–è¨˜29ç« /é™ªä½ è®€è–ç¶“ã€Šä¸Šå¸çœ‹é¡§åœ¨è§’è½ç•«åœˆåœˆçš„ä½ ã€‹","https://www.youtube.com/watch?v=masdoKuDugk","6407æ¬¡","JAMæ„›çš„å½±éŸ¿åŠ›","item"
"å‰µä¸–è¨˜33ç« /é™ªä½ è®€è–ç¶“ã€Šé›…å„ä»¥æƒå¤§å’Œè§£ï¼Œä½ çš„è§£äº†æ²’ï¼Ÿã€‹","https://www.youtube.com/watch?v=Wa9pdqbXBPU","5942æ¬¡","JAMæ„›çš„å½±éŸ¿åŠ›","item"
"åœ£ç»è®²è§£åˆ›ä¸–çºªç¬¬37ç«  Bible Genesis37","https://www.youtube.com/watch?v=T_1grj1ckrU","811æ¬¡","è®²è§£åœ£ç»","item"
"è¯èªèˆŠç´„è–ç¶“ å‰µä¸–ç´€       ç¬¬ 4  ç«     ç¾ä»£ä¸­æ–‡è­¯æœ¬2019ç‰ˆ","https://www.youtube.com/watch?v=YYRRwCT3Hsk","25æ¬¡","è˜‡ä¿Šé›„","item"
"å‰µä¸–è¨˜18ç« /é™ªä½ è®€è–ç¶“ã€Šç¥ç¦å¤§åˆ°è®“ä½ ä¸æ•¢ç›¸ä¿¡å—ï¼Ÿã€‹","https://www.youtube.com/watch?v=azDQNr1upHo","8122æ¬¡","JAMæ„›çš„å½±éŸ¿åŠ›","item"
"å‰µä¸–è¨˜42ç« /é™ªä½ è®€è–ç¶“ã€Šå‚·äº†ä½ çš„å¿ƒï¼Œå»å‚·ä¸äº†ä½ å¿ƒä¸­çš„æ„›ã€‹","https://www.youtube.com/watch?v=Mfe5o3mDDIM","6753æ¬¡","JAMæ„›çš„å½±éŸ¿åŠ›","item"
"åœ£ç»è®²è§£åˆ›ä¸–çºªç¬¬34ç« 01 Bible Genesis34","https://www.youtube.com/watch?v=Z7W6V28RS68","347æ¬¡","è®²è§£åœ£ç»","item"
"è¯èªèˆŠç´„è–ç¶“ å‰µä¸–ç´€     ç¬¬ 2 ç«  ç¾ä»£ä¸­æ–‡è­¯æœ¬2019ç‰ˆ","https://www.youtube.com/watch?v=boER_ZgXFQk","18æ¬¡","è˜‡ä¿Šé›„","item"
"åœ£ç»è®²è§£åˆ›ä¸–çºªç¬¬34ç« 02 Bible Genesis34","https://www.youtube.com/watch?v=CD-HdEMnPWk","224æ¬¡","è®²è§£åœ£ç»","item"
"è¯èªèˆŠç´„è–ç¶“ å‰µä¸–ç´€ ç¬¬ 5 ç«  ç¾ä»£ä¸­æ–‡è­¯æœ¬2019ç‰ˆ","https://www.youtube.com/watch?v=fsGEwNXjc9w","10æ¬¡","è˜‡ä¿Šé›„","item"
"åœ£ç»è®²è§£åˆ›ä¸–çºªç¬¬41ç«  Bible Genesis41","https://www.youtube.com/watch?v=gQ2o4EB97x0","806æ¬¡","è®²è§£åœ£ç»","item"
"å‰µä¸–è¨˜10ç« /é™ªä½ è®€è–ç¶“ã€Šä¸Šå¸æ‰€æ„›çš„ä¸€å®¶äººè’™å—ç¥ç¦ã€‹","https://www.youtube.com/watch?v=-A3fS3wm2Uk","1è¬æ¬¡","JAMæ„›çš„å½±éŸ¿åŠ›","item"
"å‰µä¸–è¨˜16ç« /é™ªä½ è®€è–ç¶“ã€Šä¸Šå¸æ‡‰è©²è¦æˆ‘é€™éº¼åšå§ï¼Ÿã€‹","https://www.youtube.com/watch?v=cldyNcNqceg","8084æ¬¡","JAMæ„›çš„å½±éŸ¿åŠ›","item"
"åœ£ç»-åˆ›ä¸–çºª29-30ç« ","https://www.youtube.com/watch?v=Dyw6zmmtvAg","1371æ¬¡","çšé²çš„åœ£ç»ä¸–ç•Œ","item"
"01ï¼šå°èª~æœ‰è²è–ç¶“~å‰µä¸–è¨˜ 01~50 ç« ","https://www.youtube.com/watch?v=TEUQWdetbvI","1510æ¬¡","é˜¿å ¡","item"
"[è½è–ç¶“å­¸è‹±èª]ä¸­è‹±è–ç¶“ å‰µä¸–ç´€ç¬¬ä¸ƒç«   æŒªäºæ–¹èˆŸ(2/4)  Genesis 7","https://www.youtube.com/watch?v=OxOu-HDpmy0","88æ¬¡","[è½è–ç¶“å­¸è‹±èªListen to Bible]ä¸­è‹±è–ç¶“","item"
"[è½è–ç¶“å­¸è‹±èª]ä¸­è‹±è–ç¶“ å‰µä¸–ç´€ç¬¬äºŒåå››ç«  ä»¥æ’’èˆ‡åˆ©ç™¾åŠ  Genesis 24","https://www.youtube.com/watch?v=sNTpp9SUecQ","60æ¬¡","[è½è–ç¶“å­¸è‹±èªListen to Bible]ä¸­è‹±è–ç¶“","item"
"200402 å‰µä¸–è¨˜ 2ç« 4~25ç¯€","https://www.youtube.com/watch?v=FFB8RGuKxg0","1.9è¬æ¬¡","æ·¡æ±Ÿæ•™æœƒ-åœ‹åº¦å½±éŸ³","item"
"[è½è–ç¶“å­¸è‹±èª]ä¸­è‹±è–ç¶“ å‰µä¸–ç´€ç¬¬åç«  æŒªäºçš„å¾Œä»£ Genesis 10","https://www.youtube.com/watch?v=HCGpy2Tdd5c","80æ¬¡","[è½è–ç¶“å­¸è‹±èªListen to Bible]ä¸­è‹±è–ç¶“","item"
"å‰µä¸–è¨˜40ç« /é™ªä½ è®€è–ç¶“ã€Šåˆ¥æ“”å¿ƒï¼Œæˆ‘çš„ä¸Šå¸å¯ä»¥å¹«åŠ©ä½ ã€‹","https://www.youtube.com/watch?v=NTi8cyhSzFg","5539æ¬¡","JAMæ„›çš„å½±éŸ¿åŠ›","item"
"åˆ›ä¸–çºª ç¬¬ä¸€ç«  # åœ£ç»é˜…è¯» # å¬åœ£ç» # æ—§çº¦åœ£ç» # æ¯æ—¥è¯»ç»","https://www.youtube.com/watch?v=Uo97Z4qEErY","225æ¬¡","Meiha Christian Chanel æ¯å“ˆ ë§¤í•˜","item"
"è‹±æ–‡è–ç¶“èªæ³•å’Œè®€éŸ³è©³ç´°è§£è®€ï¼å‰µä¸–ç´€01","https://www.youtube.com/watch?v=Cpzvymrbi0k","129æ¬¡","ç¾åœ‹åŠ ç´è‹±èª","item"
"ã€éœ‡æ’¼ã€‘èˆŠç´„è–ç¶“ä¸­è¨˜è¼‰çš„äººé¡èµ·æºæ‰æ˜¯çœŸå¯¦çš„ | è€é«˜èˆ‡å°èŒ‰ Mr & Mrs Gao","https://www.youtube.com/watch?v=iEeBnhMadkk","505è¬æ¬¡","è€é«˜èˆ‡å°èŒ‰ Mr & Mrs Gao","item"
"åœ£ç»è®²è§£åˆ›ä¸–çºªç¬¬44ç«  Bible Genesis44","https://www.youtube.com/watch?v=UL9KFrshVp0","661æ¬¡","è®²è§£åœ£ç»","item"
"åœ£ç»è®²è§£åˆ›ä¸–çºªç¬¬17ç«  Bible Genesis17","https://www.youtube.com/watch?v=087P9EdI1Xg","1084æ¬¡","è®²è§£åœ£ç»","item"
"åœ£ç»è®²è§£åˆ›ä¸–çºªç¬¬45ç«  Bible Genesis45","https://www.youtube.com/watch?v=hEK5EzX-x6Q","889æ¬¡","è®²è§£åœ£ç»","item"
"[è½è–ç¶“å­¸è‹±èª]ä¸­è‹±è–ç¶“ å‰µä¸–ç´€ç¬¬äºŒåäº”ç«  é›…å„èˆ‡ä»¥æƒ Genesis 25","https://www.youtube.com/watch?v=KLXzeorOmjs","47æ¬¡","[è½è–ç¶“å­¸è‹±èªListen to Bible]ä¸­è‹±è–ç¶“","item"
"åœ£ç»è®²è§£åˆ›ä¸–çºªç¬¬19ç«  Bible Genesis19","https://www.youtube.com/watch?v=-El1QhfZf7E","836æ¬¡","è®²è§£åœ£ç»","item"
"ç©ºä¸­è–ç¶“å­¸é™¢~å‰µä¸–è¨˜(20)-åäºŒç« ","https://www.youtube.com/watch?v=B5_wzJlDdR4","9416æ¬¡","GOOD TV å¥½æ¶ˆæ¯é›»è¦–å°","item"
"åœ£ç»è®²è§£åˆ›ä¸–çºªç¬¬21ç«  Bible Genesis21","https://www.youtube.com/watch?v=qSSiFDPvtv0","617æ¬¡","è®²è§£åœ£ç»","item"
"[è½è–ç¶“å­¸è‹±èª]ä¸­è‹±è–ç¶“ å‰µä¸–ç´€ç¬¬ä¹ç«  æŒªäºæ–¹èˆŸ(1/4)  Genesis 9","https://www.youtube.com/watch?v=9qkeNe4FDAk","63æ¬¡","[è½è–ç¶“å­¸è‹±èªListen to Bible]ä¸­è‹±è–ç¶“","item"
"å‰µä¸–è¨˜19ç« /é™ªä½ è®€è–ç¶“ã€Šç¥‚æ„›ä½ ï¼Œæ‰€ä»¥æ‹‰è‘—ä½ å¾€å‰èµ°ã€‹","https://www.youtube.com/watch?v=639zeUB3QxU","7731æ¬¡","JAMæ„›çš„å½±éŸ¿åŠ›","item"
"åœ£ç»è®²è§£åˆ›ä¸–çºªç¬¬29ç«  Bible Genesis29","https://www.youtube.com/watch?v=qAQO5F8bS74","805æ¬¡","è®²è§£åœ£ç»","item"
"è–ç¶“ç°¡å ±ç«™ï¼šå‰µä¸–è¨˜1ç« (ä¸‹)-2ç« (é€²éšç‰ˆ)","https://www.youtube.com/watch?v=J5yfaGVHU8w","2.2è¬æ¬¡","BiblePoint .net","item"
"[è½è–ç¶“å­¸è‹±èª]ä¸­è‹±è–ç¶“ å‰µä¸–ç´€ç¬¬äº”ç«  å¾äºç•¶åˆ°æŒªäº Genesis 5","https://www.youtube.com/watch?v=ZcIy86ot6eY","104æ¬¡","[è½è–ç¶“å­¸è‹±èªListen to Bible]ä¸­è‹±è–ç¶“","item"
"åœ£ç»è®²è§£åˆ›ä¸–çºªç¬¬15ç«  Bible Genesis15","https://www.youtube.com/watch?v=Kj5tg_3BN8Y","1144æ¬¡","è®²è§£åœ£ç»","item"
"è–ç¶“ç°¡å ±ç«™ï¼šå‰µä¸–è¨˜2ç« (åˆä¿¡ç‰ˆ)","https://www.youtube.com/watch?v=32xGvygfMkI","3404æ¬¡","BiblePoint .net","item"
"å‰µä¸–è¨˜  ç¬¬ä¸€èª²  (Genesis Lesson 1 - Traditional Chinese)","https://www.youtube.com/watch?v=0uEMaf_6EPA","5798æ¬¡","World Video Bible School (WVBS)","item"
"è–ç¶“çš„ç”±ä¾†èˆ‡æˆæ›¸å²","https://www.youtube.com/watch?v=grOhlGrgPTU","1.4è¬æ¬¡","jasonmel","item"
"[è½è–ç¶“å­¸è‹±èª]ä¸­è‹±è–ç¶“ å‰µä¸–ç´€ç¬¬åå…«ç«   äºä¼¯æ‹‰ç½•ç‚ºæ‰€å¤šç‘ªç¥ˆæ±‚  Genesis 18","https://www.youtube.com/watch?v=AZiFYYalFl4","43æ¬¡","[è½è–ç¶“å­¸è‹±èªListen to Bible]ä¸­è‹±è–ç¶“","item"
"[è½è–ç¶“å­¸è‹±èª]ä¸­è‹±è–ç¶“ å‰µä¸–ç´€ç¬¬å…«ç«  æŒªäºæ–¹èˆŸ(3/4)  Genesis 8","https://www.youtube.com/watch?v=K0GiMPqOmWU","88æ¬¡","[è½è–ç¶“å­¸è‹±èªListen to Bible]ä¸­è‹±è–ç¶“","item"
"[è½è–ç¶“å­¸è‹±èª]ä¸­è‹±è–ç¶“ å‰µä¸–ç´€ç¬¬å…­ç«  æŒªäºæ–¹èˆŸ(1/4)  Genesis 6","https://www.youtube.com/watch?v=kzrT2QblVxI","96æ¬¡","[è½è–ç¶“å­¸è‹±èªListen to Bible]ä¸­è‹±è–ç¶“","item"
"åœ£ç»è®²è§£åˆ›ä¸–çºªç¬¬38ç«  Bible Genesis38","https://www.youtube.com/watch?v=XgHeQcf8TYI","944æ¬¡","è®²è§£åœ£ç»","item"
"åœ£ç»æ•…äº‹ï¼ˆ1ï¼2ï¼10ï¼‰","https://www.youtube.com/watch?v=883BgL8uXW0","3.3è¬æ¬¡","Shirley Cat","item"
"åœ£ç»è®²è§£åˆ›ä¸–çºªç¬¬33ç«  Bible Genesis33","https://www.youtube.com/watch?v=VfqpjN8wGgA","714æ¬¡","è®²è§£åœ£ç»","item"
"[è½è–ç¶“å­¸è‹±èª]ä¸­è‹±è–ç¶“ å‰µä¸–ç´€ç¬¬äºŒç«  äºç•¶èˆ‡å¤å¨ƒ Genesis 2","https://www.youtube.com/watch?v=PM2MROTy9dc","313æ¬¡","[è½è–ç¶“å­¸è‹±èªListen to Bible]ä¸­è‹±è–ç¶“","item"
"å¤§è¡›é®‘æ£®èˆŠç´„ç¸±è¦½ - å‰µä¸–è¨˜(äºŒ) é€ ç‰©ä¸»å’Œå—é€ ç‰©","https://www.youtube.com/watch?v=jHKK66iKTng","17è¬æ¬¡","å¤§è¡›é®‘æ£®åœ‹éš›ä¸­æ–‡é »é“","item"
"è¯èªè¯èªèˆŠç´„è–ç¶“ å‰µä¸–ç´€ ç¬¬ 49ç«  ç¾ä»£ä¸­æ–‡è­¯æœ¬2019ç‰ˆ","https://www.youtube.com/watch?v=n54-QJeUJ9w","9æ¬¡","è˜‡ä¿Šé›„","item"
"åœ£ç»è®²è§£åˆ›ä¸–çºªç¬¬22ç«  Bible Genesis22","https://www.youtube.com/watch?v=YEHvuTcs4ss","692æ¬¡","è®²è§£åœ£ç»","item"
"è¯èªèˆŠç´„è–ç¶“ å‰µä¸–ç´€       ç¬¬ 6  ç«     ç¾ä»£ä¸­æ–‡è­¯æœ¬2019ç‰ˆ","https://www.youtube.com/watch?v=Ue_YpfW1qSM","13æ¬¡","è˜‡ä¿Šé›„","item"
"[è½è–ç¶“å­¸è‹±èª]ä¸­è‹±è–ç¶“ å‰µä¸–ç´€ç¬¬åä¹ç«   æ‰€å¤šç‘ªèˆ‡è›¾æ‘©æ‹‰è¢«æ¯€æ»… Genesis 19","https://www.youtube.com/watch?v=NKzN9W6_zTs","39æ¬¡","[è½è–ç¶“å­¸è‹±èªListen to Bible]ä¸­è‹±è–ç¶“","item"
"200403 å‰µä¸–è¨˜ 3ç« 1~24ç¯€","https://www.youtube.com/watch?v=Defu9giFRQw","1.9è¬æ¬¡","æ·¡æ±Ÿæ•™æœƒ-åœ‹åº¦å½±éŸ³","item"
"[è½è–ç¶“å­¸è‹±èª]ä¸­è‹±è–ç¶“ å‰µä¸–ç´€ç¬¬åä¸‰ç«  äºä¼¯æ‹‰ç½•èˆ‡ç¾…å¾·åˆ†é›¢  Genesis 13","https://www.youtube.com/watch?v=5hge1gfppGg","30æ¬¡","[è½è–ç¶“å­¸è‹±èªListen to Bible]ä¸­è‹±è–ç¶“","item"
"ã€Šåˆ›ä¸–çºªã€‹é‡Œæš—è—çš„æ°¸ç”Ÿå¯†ç  ã€WeoWèŠåœ£ç» 1ã€‘","https://www.youtube.com/watch?v=yDUWPn9R3zA","1434æ¬¡","æŸæ›¹ä¸åƒæ¢¨","item"
"ç©ºä¸­è–ç¶“å­¸é™¢~å‰µä¸–è¨˜(45)-å…©å¹´çš„ç­‰å¾…æ˜¯ç¥çš„é å‚™","https://www.youtube.com/watch?v=Z0JWKVWb_fA","6669æ¬¡","GOOD TV å¥½æ¶ˆæ¯é›»è¦–å°","item"
"[è½è–ç¶“å­¸è‹±èª]ä¸­è‹±è–ç¶“ å‰µä¸–ç´€ç¬¬åä¸€ç«  å·´åˆ¥å¡”  Genesis 11","https://www.youtube.com/watch?v=2Wh4lx5z_gY","60æ¬¡","[è½è–ç¶“å­¸è‹±èªListen to Bible]ä¸­è‹±è–ç¶“","item"
"[è½è–ç¶“å­¸è‹±èª]ä¸­è‹±è–ç¶“ å‰µä¸–ç´€ç¬¬ä¸‰åäºŒç«  é›…å„èˆ‡ç¥æ‘”è·¤ Genesis 32","https://www.youtube.com/watch?v=QYw4d0_MySQ","36æ¬¡","[è½è–ç¶“å­¸è‹±èªListen to Bible]ä¸­è‹±è–ç¶“","item"
"[è½è–ç¶“å­¸è‹±èª]ä¸­è‹±è–ç¶“ å‰µä¸–ç´€ç¬¬åäºŒç«  å‘¼å¬äºä¼¯æ‹‰ç½• Genesis 12","https://www.youtube.com/watch?v=0Z3OOm1pf-0","59æ¬¡","[è½è–ç¶“å­¸è‹±èªListen to Bible]ä¸­è‹±è–ç¶“","item"
"ç©ºä¸­è–ç¶“å­¸é™¢~å‰µä¸–è¨˜(23)-åäº”ç« ","https://www.youtube.com/watch?v=RXC78xKDFPc","7827æ¬¡","GOOD TV å¥½æ¶ˆæ¯é›»è¦–å°","item"
"ä¸–ç•Œçš„å¼€å§‹ - å„¿ç«¥åœ£ç»è½¯ä»¶","https://www.youtube.com/watch?v=YdR1UlkHkTo","2.5è¬æ¬¡","å„¿ç«¥åœ£ç»è½¯ä»¶","item"
"[è½è–ç¶“å­¸è‹±èª]ä¸­è‹±è–ç¶“ å‰µä¸–ç´€ç¬¬ä¸‰åä¸€ç«  é›…å„é€ƒé›¢æ‹‰ç­ Genesis 31","https://www.youtube.com/watch?v=OaU1VLuUKdw","53æ¬¡","[è½è–ç¶“å­¸è‹±èªListen to Bible]ä¸­è‹±è–ç¶“","item"
"è€¶ç¨£ç”µå½± - ä¸­æ–‡ - Mandarin - Chinese ğŸ‡¨ğŸ‡³ğŸ‡¹ğŸ‡¼ - 1Billion.org è€¶ç¨£åŸºç£ - è€¶ç¨£åŸºç£æ˜¯ä¸Šå¸å—? - ç¥ - è®¤è¯†ä¸Šå¸","https://www.youtube.com/watch?v=qGsaYPg3mLE","46è¬æ¬¡","1Billion You","item"
"è–ç¶“ä¸æ•¢å‘Šè¨´ä½ çš„ç§˜å¯†ï¼Œå¤å¨ƒçš„ç¬¬ä¸€å€‹ç”·äººç«Ÿç„¶æ˜¯æ’’æ—¦ï¼Œè€Œä¸”é‚„æœ‰ä¸€å€‹ç§ç”Ÿå­ã€‚","https://www.youtube.com/watch?v=T8evGftVIb0","2.3è¬æ¬¡","Mrs.Y's Studioç’°çƒå¿«è¨Šç¶œåˆé »é“","item"
"å‰µä¸–è¨˜14ç« /é™ªä½ è®€è–ç¶“ã€Šçœ¼å‰çš„å¥½ï¼Œä¸æœƒæ¯”ç¥çš„å¿ƒæ„æ›´å¥½ã€‹","https://www.youtube.com/watch?v=YhQC_qVZiRg","9401æ¬¡","JAMæ„›çš„å½±éŸ¿åŠ›","item"
"[è½è–ç¶“å­¸è‹±èª]ä¸­è‹±è–ç¶“ å‰µä¸–ç´€ç¬¬åå››ç«  äºä¼¯æ‹‰ç½•æ•‘å›ç¾…å¾· Genesis 14","https://www.youtube.com/watch?v=GV7tUW5yAKY","35æ¬¡","[è½è–ç¶“å­¸è‹±èªListen to Bible]ä¸­è‹±è–ç¶“","item"
"è¯èªèˆŠç´„è–ç¶“ å‰µä¸–ç´€          ç¬¬ 13 ç«              ç¾ä»£ä¸­æ–‡è­¯æœ¬2019ç‰ˆ","https://www.youtube.com/watch?v=uVMaU6DRDcw","5æ¬¡","è˜‡ä¿Šé›„","item"
"å‰µä¸–è¨˜17ç« /é™ªä½ è®€è–ç¶“ã€Šåœ¨ä¸Šå¸çš„æ„›è£¡ï¼Œä½ æœ‰ä¸€å€‹æ–°èº«ä»½ã€‹","https://www.youtube.com/watch?v=CNBmY1rLOiE","8103æ¬¡","JAMæ„›çš„å½±éŸ¿åŠ›","item"
"[è½è–ç¶“å­¸è‹±èª]ä¸­è‹±è–ç¶“ å‰µä¸–ç´€ç¬¬äºŒåå…­ç«  ä»¥æ’’èˆ‡äºæ¯”ç±³å‹’ Genesis 26","https://www.youtube.com/watch?v=ceFmkr013zo","30æ¬¡","[è½è–ç¶“å­¸è‹±èªListen to Bible]ä¸­è‹±è–ç¶“","item"
"[è½è–ç¶“å­¸è‹±èª]ä¸­è‹±è–ç¶“ å‰µä¸–ç´€ç¬¬äºŒåä¸ƒç«  é›…å„å¥ªä»¥æƒçš„ç¦ä»½ Genesis 27","https://www.youtube.com/watch?v=9lrWNanI2fQ","55æ¬¡","[è½è–ç¶“å­¸è‹±èªListen to Bible]ä¸­è‹±è–ç¶“","item"
"å’Œåˆæœ¬åœ£ç» â€¢ è¯—ç¯‡ | Chinese Union Version Bible â€¢ Psalms","https://www.youtube.com/watch?v=BBOFN2VYdOI","62è¬æ¬¡","ç¥çš„è©±èª","item"
"[è½è–ç¶“å­¸è‹±èª]ä¸­è‹±è–ç¶“ å‰µä¸–ç´€ç¬¬ä¸‰åä¸‰ç«  é›…å„è¦‹ä»¥æƒ Genesis 33","https://www.youtube.com/watch?v=IPi5jvxTJOs","43æ¬¡","[è½è–ç¶“å­¸è‹±èªListen to Bible]ä¸­è‹±è–ç¶“","item"
"è¯èªèˆŠç´„è–ç¶“ å‰µä¸–ç´€       ç¬¬ 27ç«        ç¾ä»£ä¸­æ–‡è­¯æœ¬2019ç‰ˆ","https://www.youtube.com/watch?v=yuSar8B4srA","16æ¬¡","è˜‡ä¿Šé›„","item"
"[è½è–ç¶“å­¸è‹±èª]ä¸­è‹±è–ç¶“ å‰µä¸–ç´€ç¬¬åå…­ç«  å¤ç”²èˆ‡ä»¥å¯¦ç‘ªåˆ©  Genesis 16","https://www.youtube.com/watch?v=a5veeWJc-JE","23æ¬¡","[è½è–ç¶“å­¸è‹±èªListen to Bible]ä¸­è‹±è–ç¶“","item"
"è¯èªèˆŠç´„è–ç¶“ å‰µä¸–ç´€ ç¬¬ 32 ç«  ç¾ä»£ä¸­æ–‡è­¯æœ¬2019ç‰ˆ","https://www.youtube.com/watch?v=VvWoPauwA7M","8æ¬¡","è˜‡ä¿Šé›„","item"
"[è½è–ç¶“å­¸è‹±èª]ä¸­è‹±è–ç¶“ å‰µä¸–ç´€ç¬¬åäº”ç«  ç¥èˆ‡äºä¼¯æ‹‰ç½•ç«‹ç´„  Genesis 15 (NIV)","https://www.youtube.com/watch?v=Q8VZEDQvdX0","32æ¬¡","[è½è–ç¶“å­¸è‹±èªListen to Bible]ä¸­è‹±è–ç¶“","item"
"[è½è–ç¶“å­¸è‹±èª]ä¸­è‹±è–ç¶“ å‰µä¸–ç´€ç¬¬äºŒåä¸‰ç«  æ’’æ‹‰å»ä¸– Genesis 23","https://www.youtube.com/watch?v=0MefQDDd0fI","21æ¬¡","[è½è–ç¶“å­¸è‹±èªListen to Bible]ä¸­è‹±è–ç¶“","item"
"åœ£ç»è®²è§£åˆ›ä¸–çºªç¬¬4ç«  Bible Genesis 04","https://www.youtube.com/watch?v=aiOfuucbXYI","1394æ¬¡","è®²è§£åœ£ç»","item"
"[è½è–ç¶“å­¸è‹±èª]ä¸­è‹±è–ç¶“ å‰µä¸–ç´€ç¬¬äºŒåä¹ç«  é›…å„å¨¶åˆ©äºèˆ‡æ‹‰çµ Genesis 29","https://www.youtube.com/watch?v=QOI6n0GkCzQ","30æ¬¡","[è½è–ç¶“å­¸è‹±èªListen to Bible]ä¸­è‹±è–ç¶“","item"
"1. è–ç¶“æ€éº¼è®€ï¼Ÿï¼ˆå‰µä¸–è¨˜1-3ç« ï¼Œå•Ÿç¤ºéŒ„20-22ç« ï¼‰","https://www.youtube.com/watch?v=tv1VR6RGBsE","3.3è¬æ¬¡","åŠ‰æ›‰äº­","item"
"å¤§è¡›é®‘æ£®èˆŠç´„ç¸±è¦½ - å‰µä¸–è¨˜(å…­) ç´„ç‘Ÿå’Œè€¶ç©Œ","https://www.youtube.com/watch?v=1uBub7OvYaY","12è¬æ¬¡","å¤§è¡›é®‘æ£®åœ‹éš›ä¸­æ–‡é »é“","item"
"[è½è–ç¶“å­¸è‹±èª]ä¸­è‹±è–ç¶“ å‰µä¸–ç´€ç¬¬åä¸ƒç«  å‰²ç¦®ä¹‹ç´„  Genesis 17","https://www.youtube.com/watch?v=CdXO9E-Xgb4","27æ¬¡","[è½è–ç¶“å­¸è‹±èªListen to Bible]ä¸­è‹±è–ç¶“","item"
"[è½è–ç¶“å­¸è‹±èª]ä¸­è‹±è–ç¶“ å‰µä¸–ç´€ç¬¬äºŒåç«  äºä¼¯æ‹‰ç½•å’Œäºæ¯”ç±³å‹’  Genesis 20","https://www.youtube.com/watch?v=dNX3RC2fyj0","31æ¬¡","[è½è–ç¶“å­¸è‹±èªListen to Bible]ä¸­è‹±è–ç¶“","item"
"[è½è–ç¶“å­¸è‹±èª]ä¸­è‹±è–ç¶“ å‰µä¸–ç´€ç¬¬äºŒåäºŒç«  äºä¼¯æ‹‰ç½•å—è©¦é©—  Genesis 22","https://www.youtube.com/watch?v=hHpvs1Ehcnk","28æ¬¡","[è½è–ç¶“å­¸è‹±èªListen to Bible]ä¸­è‹±è–ç¶“","item"
"é»˜æƒ³è–ç¶“äººç‰©(3)è›»è®Šçš„é›…å„","https://www.youtube.com/watch?v=kbxKxi-EwbI","3634æ¬¡","GOOD TV è–ç¶“é »é“","item"
"[è½è–ç¶“å­¸è‹±èª]ä¸­è‹±è–ç¶“ å‰µä¸–ç´€ç¬¬äºŒåå…«ç«  é›…å„åœ¨ä¼¯ç‰¹åˆ©çš„å¤¢ Genesis 28","https://www.youtube.com/watch?v=Z8W2RjfE3wc","34æ¬¡","[è½è–ç¶“å­¸è‹±èªListen to Bible]ä¸­è‹±è–ç¶“","item"
"[è½è–ç¶“å­¸è‹±èª]ä¸­è‹±è–ç¶“ å‰µä¸–ç´€ç¬¬äºŒåä¸€ç«   ä»¥æ’’å‡ºç”Ÿ  Genesis 21","https://www.youtube.com/watch?v=0BYMEfc_X5k","42æ¬¡","[è½è–ç¶“å­¸è‹±èªListen to Bible]ä¸­è‹±è–ç¶“","item"
"è¯èªèˆŠç´„è–ç¶“ å‰µä¸–ç´€ ç¬¬ 34 ç«  ç¾ä»£ä¸­æ–‡è­¯æœ¬2019ç‰ˆ","https://www.youtube.com/watch?v=0JWnOKPhRJU","12æ¬¡","è˜‡ä¿Šé›„","item"
"æ–°èˆŠç´„è–ç¶“ç³»åˆ— - èˆŠç´„ - å‰µä¸–ç´€ - 01 ç¬¬ä¸€ç« ","https://www.youtube.com/watch?v=q01HEzLrP24","82æ¬¡","æ¯å¤©ä¸€é¦–èµç¾è¯—","item"
"ç²µèªå£èªè–ç¶“â€”â€”å‰µä¸–ç´€ ç¬¬ä¸€ç« ","https://www.youtube.com/watch?v=2bUXNHcIUKs","1179æ¬¡","Cantonese BIBLE SHOW","item"
"è¯èªèˆŠç´„è–ç¶“ å‰µä¸–ç´€ ç¬¬ 31 ç«  ç¾ä»£ä¸­æ–‡è­¯æœ¬2019ç‰ˆ","https://www.youtube.com/watch?v=dg5dKiOQjWE","7æ¬¡","è˜‡ä¿Šé›„","item"
"[æœ‰è²æ›¸]è–ç¶“æ–°è­¯æœ¬ | å‰µä¸–ç´€ ç¬¬1ç«  | é™ªæˆ‘ä¸€èµ·è®€è–ç¶“","https://www.youtube.com/watch?v=mkrJPx0wBCM","373æ¬¡","Deborah Liu","item"
"[è½è–ç¶“å­¸è‹±èª]ä¸­è‹±è–ç¶“ å‰µä¸–ç´€ç¬¬ä¸‰åç«  é›…å„çš„ç¾Šç¾¤å¢å¤š Genesis 30","https://www.youtube.com/watch?v=cb-TG3DIhRE","49æ¬¡","[è½è–ç¶“å­¸è‹±èªListen to Bible]ä¸­è‹±è–ç¶“","item"
"200522 å‰µä¸–è¨˜ 43ç« 1~34ç¯€","https://www.youtube.com/watch?v=M1CL26vRV4A","1è¬æ¬¡","æ·¡æ±Ÿæ•™æœƒ-åœ‹åº¦å½±éŸ³","item"
"åœ£ç»è®²è§£åˆ›ä¸–çºªç¬¬27ç«  Bible Genesis27","https://www.youtube.com/watch?v=76u5Xn6VJbA","1114æ¬¡","è®²è§£åœ£ç»","item"
"ç‡•éµ¬è§£æè–ç¶“å‰µä¸–ç´€","https://www.youtube.com/watch?v=LdtqKnbtlHk","76æ¬¡","WOLF MEDIA","item"
"200515 å‰µä¸–è¨˜ 37ç« 1~36ç¯€","https://www.youtube.com/watch?v=muosgBEYaiI","1è¬æ¬¡","æ·¡æ±Ÿæ•™æœƒ-åœ‹åº¦å½±éŸ³","item"
"è–ç¶“å¡é€šç‰‡ èˆŠç´„ (ç²µèª) 9. å‰µä¸–ç´€çš„æ•…äº‹","https://www.youtube.com/watch?v=S6pkPOFjb_Q","2992æ¬¡","Bosco Don","item"
"è¯èªèˆŠç´„è–ç¶“ å‰µä¸–ç´€ ç¬¬ 35  ç«  ç¾ä»£ä¸­æ–‡è­¯æœ¬2019ç‰ˆ","https://www.youtube.com/watch?v=jrmQt33mwXE","19æ¬¡","è˜‡ä¿Šé›„","item"
"åœ£ç»è®²è§£åˆ›ä¸–çºªç¬¬16ç«  Bible Genesis16","https://www.youtube.com/watch?v=nUKnmhn8830","929æ¬¡","è®²è§£åœ£ç»","item"
"[è½è–ç¶“å­¸è‹±èª]ä¸­è‹±è–ç¶“ å‰µä¸–ç´€ç¬¬ä¸‰åå››ç«  åº•æ‹¿èˆ‡ç¤ºåŠäºº Genesis 34","https://www.youtube.com/watch?v=zaSGU-xaeq4","61æ¬¡","[è½è–ç¶“å­¸è‹±èªListen to Bible]ä¸­è‹±è–ç¶“","item"
"200527 å‰µä¸–è¨˜ 48ç« 1~22ç¯€","https://www.youtube.com/watch?v=uvHqiHPa3i0","1è¬æ¬¡","æ·¡æ±Ÿæ•™æœƒ-åœ‹åº¦å½±éŸ³","item"
"è¯èªè¯èªèˆŠç´„è–ç¶“ å‰µä¸–ç´€ ç¬¬ 50ç«  ç¾ä»£ä¸­æ–‡è­¯æœ¬2019ç‰ˆ","https://www.youtube.com/watch?v=lWtg0cpaTP8","15æ¬¡","è˜‡ä¿Šé›„","item"
"[è½è–ç¶“å­¸è‹±èª]ä¸­è‹±è–ç¶“ å‰µä¸–ç´€ç¬¬å››ç«  è©²éš±æ®ºäºä¼¯ Genesis 4","https://www.youtube.com/watch?v=FtKsEKCXYRg","136æ¬¡","[è½è–ç¶“å­¸è‹±èªListen to Bible]ä¸­è‹±è–ç¶“","item"
"è¯èªèˆŠç´„è–ç¶“ å‰µä¸–ç´€ ç¬¬ 18 ç«  ç¾ä»£ä¸­æ–‡è­¯æœ¬2019ç‰ˆ","https://www.youtube.com/watch?v=K3T0cm9yQT8","10æ¬¡","è˜‡ä¿Šé›„","item"
"å¯‡ç´¹æ¶µç‰§å¸«: è–ç¶“é›£é¡Œ å‰µä¸–è¨˜","https://www.youtube.com/watch?v=s621w_VGFLM","3.5è¬æ¬¡","Light of Morning Star Studio","item"
"å¤§è¡›é®‘æ£®èˆŠç´„ç¸±è¦½ - å‰µä¸–è¨˜(äº”) äºä¼¯æ‹‰ç½•ã€ä»¥æ’’å’Œé›…å„","https://www.youtube.com/watch?v=h8Vc62vDw7o","15è¬æ¬¡","å¤§è¡›é®‘æ£®åœ‹éš›ä¸­æ–‡é »é“","item"
"è¯èªèˆŠç´„è–ç¶“ å‰µä¸–ç´€ ç¬¬ 28 ç«  ç¾ä»£ä¸­æ–‡è­¯æœ¬2019ç‰ˆ","https://www.youtube.com/watch?v=aJwuR1QWHzg","28æ¬¡","è˜‡ä¿Šé›„","item"
"200516 å‰µä¸–è¨˜ 38ç« 1~30ç¯€","https://www.youtube.com/watch?v=LOvTjBp-4a8","1.1è¬æ¬¡","æ·¡æ±Ÿæ•™æœƒ-åœ‹åº¦å½±éŸ³","item"
"è¯èªèˆŠç´„è–ç¶“ å‰µä¸–ç´€       ç¬¬ 7  ç«     ç¾ä»£ä¸­æ–‡è­¯æœ¬2019ç‰ˆ","https://www.youtube.com/watch?v=yxWoQdlfIj4","9æ¬¡","è˜‡ä¿Šé›„","item"
"è–ç¶“å‰µä¸–ç´€ä¸­çš„åœ°ç„æˆçœŸäº†å—ï¼Ÿï½œã€è«‡å¤è«–é‡‘ã€‘2020/06/15","https://www.youtube.com/watch?v=dcr0I4JgDJ4","448æ¬¡","è¬é³´å“¥è«‡å¤è«–é‡‘","item"
"åœ£ç»æ•…äº‹æ²™ç”»ã€Šåˆ›ä¸–çºªã€‹- Sand painting ""Genesis""","https://www.youtube.com/watch?v=jBcf9Ai-n4w","4.9è¬æ¬¡","Terry Luo","item"
"è¯èªèˆŠç´„è–ç¶“ å‰µä¸–ç´€ ç¬¬ 19 ç«  ç¾ä»£ä¸­æ–‡è­¯æœ¬2019ç‰ˆ","https://www.youtube.com/watch?v=Qmu-0k_w0Ik","10æ¬¡","è˜‡ä¿Šé›„","item"
"è¯èªèˆŠç´„è–ç¶“ å‰µä¸–ç´€ ç¬¬ 37 ç«  ç¾ä»£ä¸­æ–‡è­¯æœ¬2019ç‰ˆ","https://www.youtube.com/watch?v=lUSc7Npa4BM","14æ¬¡","è˜‡ä¿Šé›„","item"
"ç©ºä¸­è–ç¶“å­¸é™¢~å‰µä¸–è¨˜(37)-é›…å„å®¶åº­çš„å•é¡Œ","https://www.youtube.com/watch?v=HKOLME9jLDM","8183æ¬¡","GOOD TV å¥½æ¶ˆæ¯é›»è¦–å°","item"
"ç©ºä¸­è–ç¶“å­¸é™¢~å‰µä¸–è¨˜(42)-ç´„ç‘Ÿè¢«è³£","https://www.youtube.com/watch?v=VChjLGrA1rk","6025æ¬¡","GOOD TV å¥½æ¶ˆæ¯é›»è¦–å°","item"
"ã€Šåˆ›ä¸–çºªã€‹åœ£ç»è®²åº§ ç¬¬å››è®² ç¥çš„å®¡åˆ¤ä¸æ•‘æ©","https://www.youtube.com/watch?v=1iuimudOGsM","724æ¬¡","æ–°äºº NEWMAN","item"
"è¯èªèˆŠç´„è–ç¶“ å‰µä¸–ç´€ ç¬¬ 14 ç«  ç¾ä»£ä¸­æ–‡è­¯æœ¬2019ç‰ˆ","https://www.youtube.com/watch?v=8H-apd_HF5s","10æ¬¡","è˜‡ä¿Šé›„","item"
"åœ£ç»è®²è§£åˆ›ä¸–çºªç¬¬43ç«  Bible Genesis43","https://www.youtube.com/watch?v=Zs3Mor-4ELU","664æ¬¡","è®²è§£åœ£ç»","item"
"è¯èªèˆŠç´„è–ç¶“ å‰µä¸–ç´€ ç¬¬ 36  ç«  ç¾ä»£ä¸­æ–‡è­¯æœ¬2019ç‰ˆ","https://www.youtube.com/watch?v=_R4UpjGvwxo","8æ¬¡","è˜‡ä¿Šé›„","item"
"è¯èªèˆŠç´„è–ç¶“ å‰µä¸–ç´€ ç¬¬ 15 ç«  ç¾ä»£ä¸­æ–‡è­¯æœ¬2019ç‰ˆ","https://www.youtube.com/watch?v=wIrkRvDjdGk","3æ¬¡","è˜‡ä¿Šé›„","item"
"è–ç¶“ç°¡å ±ç«™ï¼šå‰µä¸–è¨˜4ç« (åˆä¿¡ç‰ˆ)","https://www.youtube.com/watch?v=rGQ5r2zGIas","6203æ¬¡","BiblePoint .net","item"
"è¯èªèˆŠç´„è–ç¶“ å‰µä¸–ç´€ ç¬¬ 17 ç«  ç¾ä»£ä¸­æ–‡è­¯æœ¬2019ç‰ˆ","https://www.youtube.com/watch?v=jXDHQEvKrvw","7æ¬¡","è˜‡ä¿Šé›„","item"
"200502 å‰µä¸–è¨˜ 26ç« 1~35ç¯€","https://www.youtube.com/watch?v=NEXYkZuYcp0","1è¬æ¬¡","æ·¡æ±Ÿæ•™æœƒ-åœ‹åº¦å½±éŸ³","item"
"è¯èªèˆŠç´„è–ç¶“ å‰µä¸–ç´€ ç¬¬ 42 ç«  ç¾ä»£ä¸­æ–‡è­¯æœ¬2019ç‰ˆ","https://www.youtube.com/watch?v=CLeQ1B9Hmtg","15æ¬¡","è˜‡ä¿Šé›„","item"
"è¯èªèˆŠç´„è–ç¶“ å‰µä¸–ç´€     ç¬¬ 30   ç«  ç¾ä»£ä¸­æ–‡è­¯æœ¬2019ç‰ˆ","https://www.youtube.com/watch?v=WJAd1cg1i7M","14æ¬¡","è˜‡ä¿Šé›„","item"
"åœ£ç»è®²è§£åˆ›ä¸–çºªç¬¬8ç«  Bible Genesis 08","https://www.youtube.com/watch?v=hjkGVrrIcmw","949æ¬¡","è®²è§£åœ£ç»","item"
"è¯èªèˆŠç´„è–ç¶“ å‰µä¸–ç´€ ç¬¬ 45ç«  ç¾ä»£ä¸­æ–‡è­¯æœ¬2019ç‰ˆ","https://www.youtube.com/watch?v=0wI01p9gUjs","6æ¬¡","è˜‡ä¿Šé›„","item"
"è¯èªèˆŠç´„è–ç¶“ å‰µä¸–ç´€ ç¬¬ 16 ç«  ç¾ä»£ä¸­æ–‡è­¯æœ¬2019ç‰ˆ","https://www.youtube.com/watch?v=MClJe36F7oU","5æ¬¡","è˜‡ä¿Šé›„","item"
"è–ç¶“çŸ¥è­˜åº«ï¼šå‰µä¸–è¨˜ï¼ˆä¹ï¼‰å…©æ£µæ¨¹","https://www.youtube.com/watch?v=5QNPuR7s6oc","581æ¬¡","æ´»æ°´åº«","item"
"è¯èªèˆŠç´„è–ç¶“ å‰µä¸–ç´€ ç¬¬ 39 ç«  ç¾ä»£ä¸­æ–‡è­¯æœ¬2019ç‰ˆ","https://www.youtube.com/watch?v=yvNdvatyVpg","7æ¬¡","è˜‡ä¿Šé›„","item"
"è–ç¶“æ•…äº‹åº«ï¼šå‰µä¸–è¨˜ï¼ˆåï¼‰äººç¬¬ä¸€æ¬¡çš„å¢®è½","https://www.youtube.com/watch?v=TDLeExztw2s","465æ¬¡","æ´»æ°´åº«","item"
"è¯èªèˆŠç´„è–ç¶“ å‰µä¸–ç´€ ç¬¬ 24 ç«  ç¾ä»£ä¸­æ–‡è­¯æœ¬2019ç‰ˆ","https://www.youtube.com/watch?v=FRQ11COdpdE","17æ¬¡","è˜‡ä¿Šé›„","item"
"è¯èªèˆŠç´„è–ç¶“ å‰µä¸–ç´€ ç¬¬  40 ç«  ç¾ä»£ä¸­æ–‡è­¯æœ¬2019ç‰ˆ","https://www.youtube.com/watch?v=EIQem8_cl_E","14æ¬¡","è˜‡ä¿Šé›„","item"
"è¯èªèˆŠç´„è–ç¶“ å‰µä¸–ç´€ ç¬¬ 38 ç«  ç¾ä»£ä¸­æ–‡è­¯æœ¬2019ç‰ˆ","https://www.youtube.com/watch?v=G3ctClZJeI8","5æ¬¡","è˜‡ä¿Šé›„","item"
"è¯èªèˆŠç´„è–ç¶“ å‰µä¸–ç´€          ç¬¬ 11 ç«               ç¾ä»£ä¸­æ–‡è­¯æœ¬2019ç‰ˆ","https://www.youtube.com/watch?v=lhLXgvlzt6o","4æ¬¡","è˜‡ä¿Šé›„","item"
"è¯èªèˆŠç´„è–ç¶“ å‰µä¸–ç´€ ç¬¬ 46ç«  ç¾ä»£ä¸­æ–‡è­¯æœ¬2019ç‰ˆ","https://www.youtube.com/watch?v=Q9SLww300II","11æ¬¡","è˜‡ä¿Šé›„","item"
"è¯èªèˆŠç´„è–ç¶“ å‰µä¸–ç´€ ç¬¬  20 ç«  ç¾ä»£ä¸­æ–‡è­¯æœ¬2019ç‰ˆ","https://www.youtube.com/watch?v=82B26NhtqjE","5æ¬¡","è˜‡ä¿Šé›„","item"
"è¯èªèˆŠç´„è–ç¶“ å‰µä¸–ç´€ ç¬¬ 47ç«  ç¾ä»£ä¸­æ–‡è­¯æœ¬2019ç‰ˆ","https://www.youtube.com/watch?v=1urHfB25rFs","16æ¬¡","è˜‡ä¿Šé›„","item"
"è–ç¶“æ•…äº‹ ç¬¬ä¸€ç«  å‰µé€  (The Story)","https://www.youtube.com/watch?v=FXjqYY1anaQ","1.8è¬æ¬¡","TD studioå®å’šå·¥ä½œå®¤","item"
"è¯èªèˆŠç´„è–ç¶“ å‰µä¸–ç´€ ç¬¬ 8 ç«  ç¾ä»£ä¸­æ–‡è­¯æœ¬2019ç‰ˆ","https://www.youtube.com/watch?v=5QsjRrb0CPE","15æ¬¡","è˜‡ä¿Šé›„","item"
"è¯èªèˆŠç´„è–ç¶“ å‰µä¸–ç´€ ç¬¬ 29 ç«  ç¾ä»£ä¸­æ–‡è­¯æœ¬2019ç‰ˆ","https://www.youtube.com/watch?v=7Umj-ZXrqQY","17æ¬¡","è˜‡ä¿Šé›„","item"
"è¯èªèˆŠç´„è–ç¶“ å‰µä¸–ç´€ ç¬¬ 44 ç«  ç¾ä»£ä¸­æ–‡è­¯æœ¬2019ç‰ˆ","https://www.youtube.com/watch?v=XEuenZFaJvA","13æ¬¡","è˜‡ä¿Šé›„","item"
"è¯èªèˆŠç´„è–ç¶“ å‰µä¸–ç´€ ç¬¬ 12 ç«  ç¾ä»£ä¸­æ–‡è­¯æœ¬2019ç‰ˆ","https://www.youtube.com/watch?v=oodnKYjxDCE","4æ¬¡","è˜‡ä¿Šé›„","item"
"è–ç¶“æ•…äº‹åº«ï¼šå‰µä¸–è¨˜ï¼ˆåä¹ï¼‰äººç¬¬å››æ¬¡çš„å¢®è½","https://www.youtube.com/watch?v=V78bj7Jmcr4","486æ¬¡","æ´»æ°´åº«","item"
"è¯èªèˆŠç´„è–ç¶“ å‰µä¸–ç´€ ç¬¬ 25 ç«  ç¾ä»£ä¸­æ–‡è­¯æœ¬2019ç‰ˆ","https://www.youtube.com/watch?v=6sD7Q6-hoPE","13æ¬¡","è˜‡ä¿Šé›„","item"
"è¯èªèˆŠç´„è–ç¶“ å‰µä¸–ç´€ ç¬¬ 23 ç«  ç¾ä»£ä¸­æ–‡è­¯æœ¬2019ç‰ˆ","https://www.youtube.com/watch?v=gFufS8TMbHk","9æ¬¡","è˜‡ä¿Šé›„","item"
"è¯èªèˆŠç´„è–ç¶“ å‰µä¸–ç´€       ç¬¬ 26ç«        ç¾ä»£ä¸­æ–‡è­¯æœ¬2019ç‰ˆ","https://www.youtube.com/watch?v=48Kb-MIUvv0","5æ¬¡","è˜‡ä¿Šé›„","item"
"è¯èªèˆŠç´„è–ç¶“ å‰µä¸–ç´€ ç¬¬ 48ç«  ç¾ä»£ä¸­æ–‡è­¯æœ¬2019ç‰ˆ","https://www.youtube.com/watch?v=qPYgch3YiV4","18æ¬¡","è˜‡ä¿Šé›„","item"
"è¯èªèˆŠç´„è–ç¶“ å‰µä¸–ç´€ ç¬¬ 21 ç«  ç¾ä»£ä¸­æ–‡è­¯æœ¬2019ç‰ˆ","https://www.youtube.com/watch?v=lGBPg-uD0Zg","4æ¬¡","è˜‡ä¿Šé›„","item"
"é™ªä½ ä¸€èµ·è®€è–ç¶“ï¼ŒèˆŠç´„è–ç¶“å‰µä¸–ç´€ ç¬¬11ç« ","https://www.youtube.com/watch?v=1dsGBuiXQug","54æ¬¡","Y J","item"
"200513 å‰µä¸–è¨˜ 35ç« 1~29ç¯€","https://www.youtube.com/watch?v=baGzvSSn8C8","1.1è¬æ¬¡","æ·¡æ±Ÿæ•™æœƒ-åœ‹åº¦å½±éŸ³","item"
"å‰µä¸–ç´€21ç«  I è–ç¶“è£¡â€œå¤§å©†â€å’Œâ€œå°ä¸‰â€çš„æ•…äº‹ï¼Œä»¥å¯¦ç‘ªåˆ©è¢«é€ I èˆŠç´„è–ç¶“ I è®€ç¶“ç­†è¨˜ Cindy's Bible Diary","https://www.youtube.com/watch?v=0F58PxEX64Y","219æ¬¡","è®€ç¶“ç­†è¨˜ Cindy's Bible Diary","item"
"ã€Šåˆ›ä¸–çºªã€‹åœ£ç»è®²åº§ ç¬¬äº”è®² ä¿¡æ¯æ€»ç»“ä¸é—®ç­”","https://www.youtube.com/watch?v=VwmErxZY9LA","2158æ¬¡","æ–°äºº NEWMAN","item"
"è¯èªèˆŠç´„è–ç¶“ å‰µä¸–ç´€ ç¬¬ 33 ç«  ç¾ä»£ä¸­æ–‡è­¯æœ¬2019ç‰ˆ","https://www.youtube.com/watch?v=YVCrK9P-W9I","8æ¬¡","è˜‡ä¿Šé›„","item"
"è¯èªèˆŠç´„è–ç¶“ å‰µä¸–ç´€ ç¬¬  41 ç«  ç¾ä»£ä¸­æ–‡è­¯æœ¬2019ç‰ˆ","https://www.youtube.com/watch?v=Qbxqr1Hb-p4","7æ¬¡","è˜‡ä¿Šé›„","item"
"è¯èªèˆŠç´„è–ç¶“ å‰µä¸–ç´€ ç¬¬ 9 ç«  ç¾ä»£ä¸­æ–‡è­¯æœ¬2019ç‰ˆ","https://www.youtube.com/watch?v=Xa1zFF-z3Wg","10æ¬¡","è˜‡ä¿Šé›„","item"
"è¯èªèˆŠç´„è–ç¶“ å‰µä¸–ç´€ ç¬¬ 22 ç«  ç¾ä»£ä¸­æ–‡è­¯æœ¬2019ç‰ˆ","https://www.youtube.com/watch?v=IHLn6AKXjm4","5æ¬¡","è˜‡ä¿Šé›„","item"
"åœ£ç»è®²è§£åˆ›ä¸–çºªç¬¬26ç«  Bible Genesis26","https://www.youtube.com/watch?v=-RHk89KaecY","593æ¬¡","è®²è§£åœ£ç»","item"
"0101èšæœƒ2æœ¬é€±è–ç¶“å‰µä¸–ç´€:ä¹1-17","https://www.youtube.com/watch?v=bPRVwNlA14I","77æ¬¡","é„­å½¥å‡±","item"
"å‰µä¸–ç´€10-11ç«  I å·´åˆ¥å¡” I èˆŠç´„è–ç¶“ I è®€ç¶“ç­†è¨˜ Cindy's Bible Diary","https://www.youtube.com/watch?v=iKgV4OippfE","199æ¬¡","è®€ç¶“ç­†è¨˜ Cindy's Bible Diary","item"
"Genesis 1: Hebrew interlinear audio Bible  å¸Œä¼¯ä¾†æ–‡è–ç¶“:å‰µä¸–è¨˜ç¬¬ä¸€ç« ","https://www.youtube.com/watch?v=JXvEAGqa0eM","1.1è¬æ¬¡","M.L. Kohen","item"
"æ€é«˜è–ç¶“æœ—è®€ã€åŒæ­¥è®€æ³¨é‡‹ã€‘â€¢ èˆŠç´„ â€¢ å‰µä¸–ç´€ â€¢ Genesis â€¢ Chinese Catholic Bible With Scripture Notes","https://www.youtube.com/watch?v=LAPnIH27T0s","58æ¬¡","å¤©è·¯ç‡•éŸ³","item"
"æ–°åŠ å¡ä¸‡å›½å„¿ç«¥å¸ƒé“å›¢åˆ¶ä½œ (ä¸€)ï¼šå„¿ç«¥åœ£ç»æ•…äº‹- åˆ›ä¸–çºª (ç¬¬ä¸€ç« ï¼‰","https://www.youtube.com/watch?v=WZkP0mf046Q","311æ¬¡","æ–°åŠ å¡ä¸‡å›½å„¿ç«¥ä½ˆé“å›¢","item"
"è¯èªèˆŠç´„è–ç¶“ å‰µä¸–ç´€ ç¬¬ 43 ç«  ç¾ä»£ä¸­æ–‡è­¯æœ¬2019ç‰ˆ","https://www.youtube.com/watch?v=saM-rfITUUg","4æ¬¡","è˜‡ä¿Šé›„","item"
"[è½è–ç¶“å­¸è‹±èª]ä¸­è‹±è–ç¶“ å‰µä¸–ç´€ç¬¬ä¸‰åå…«ç«  çŒ¶å¤§èˆ‡ä»–ç‘ª Genesis 38","https://www.youtube.com/watch?v=NzH1zlDBOaY","35æ¬¡","[è½è–ç¶“å­¸è‹±èªListen to Bible]ä¸­è‹±è–ç¶“","item"
"ã€æœ‰è²è–ç¶“ç³»åˆ—ã€‘å‰µä¸–ç´€-ç¬¬ä¸€ç« ","https://www.youtube.com/watch?v=UBofje8mzYE","9446æ¬¡","Emily Shih","item"
"[è½è–ç¶“å­¸è‹±èª]ä¸­è‹±è–ç¶“ å‰µä¸–ç´€ç¬¬ä¸‰åäº”ç«   é›…å„å›åˆ°ä¼¯ç‰¹åˆ© Genesis 35","https://www.youtube.com/watch?v=wBbcvLwP09A","39æ¬¡","[è½è–ç¶“å­¸è‹±èªListen to Bible]ä¸­è‹±è–ç¶“","item"
"ç”¨Logoså­¸ç¿’è–ç¶“åŸæ–‡ï¼ˆç¹ä¸­å­—å¹•ç‰ˆï¼‰","https://www.youtube.com/watch?v=E9QNcWN3gZU","1030æ¬¡","Logos Chinese","item"
"ç©ºä¸­è–ç¶“å­¸é™¢~å‰µä¸–è¨˜(46)-çŒ¶å¤§æ„Ÿå‹•ç´„ç‘Ÿ","https://www.youtube.com/watch?v=Io87FV7Z3Pk","5939æ¬¡","GOOD TV å¥½æ¶ˆæ¯é›»è¦–å°","item"
"2017 è€¶ç¨£éšè—åœ¨ç¬¬1ä¸ªå­—é‡Œï¼åœ£ç»åˆ›ä¸–çºª1ç« 1èŠ‚","https://www.youtube.com/watch?v=3oPG8Lr4x3g","3è¬æ¬¡","The TRuth","item"
"å‰µä¸–ç´€16ç«  I è–ç¶“è£çš„ä»£å­•æ•…äº‹ï¼Œé˜¿æ‹‰ä¼¯äººç¥–å…ˆä»¥å¯¦ç‘ªåˆ©çš„é™ç”Ÿ I èˆŠç´„è–ç¶“ I è®€ç¶“ç­†è¨˜ Cindy's Bible Diary","https://www.youtube.com/watch?v=aU0jnzHnmis","205æ¬¡","è®€ç¶“ç­†è¨˜ Cindy's Bible Diary","item"
"ã€Šå‰µä¸–ä¸»æ—¥å­¸å ‚-è–ç¶“äººç‰©å¤§å…¨èˆŠç´„å‰µä¸–ç´€äººç‰©ç¯‡ã€‹@ä¸‰æœˆpromo","https://www.youtube.com/watch?v=LqUMl3g3skc","228æ¬¡","å½±éŸ³ä½¿åœ˜ The Media Evangelism å‰µä¸–é›»è¦– CreationTV","item"
"ã€è–ç¶“ å‰µä¸–ç´€ã€‘ä¸Šå¸å‰µé€ äº†å…©å€‹äºç•¶ï¼Ÿ","https://www.youtube.com/watch?v=E1MBBqTGM6k","245æ¬¡","ä¸­è¯æ°‘åœ‹è¬æ­²!","item"
"[è–ç¶“æ€ªè«‡] ç”±å‰µä¸–ç´€é–‹å§‹çš„æ–‡å­—éŠæˆ²","https://www.youtube.com/watch?v=rHd52XKZO0k","828æ¬¡","å½±åƒè£œå®Œè¨ˆç•« Hong Kong Walker","item"
"[è½è–ç¶“å­¸è‹±èª]ä¸­è‹±è–ç¶“ å‰µä¸–ç´€ç¬¬ä¸‰åå…­ç«  ä»¥æƒçš„å¾Œè£” Genesis 36","https://www.youtube.com/watch?v=xxA8jtIgVHE","24æ¬¡","[è½è–ç¶“å­¸è‹±èªListen to Bible]ä¸­è‹±è–ç¶“","item"
"ä¸‰æ˜¥ä¹‹é—¨ï¼Œåœ£ç»åˆ›ä¸–çºªçš„ç§˜å¯†ï¼","https://www.youtube.com/watch?v=6FRLeE59vrc","7769æ¬¡","ç­”ç¾©å•å¯†","item"
"å‰µä¸–è¨˜-ç¬¬25ç« -ä»¥æ’’äºŒå­ä¹‹çˆ­ã€è–ç¶“ä¹‹é‘°ã€‘Genesis","https://www.youtube.com/watch?v=PHNyNxmhJpk","491æ¬¡","è–ç¶“ä¹‹é‘°","item"
"ç‡•éµ¬è¬›è–ç¶“ç¬¬ä¸€ç« ã€Œå‰µä¸–ç´€ã€","https://www.youtube.com/watch?v=nPh_3R6cq3E","20æ¬¡","WOLF MEDIA","item"
"ç©ºä¸­è–ç¶“å­¸é™¢~å‰µä¸–è¨˜(10)-å…­:1~7","https://www.youtube.com/watch?v=_i9pToslKyg","1.3è¬æ¬¡","GOOD TV å¥½æ¶ˆæ¯é›»è¦–å°","item"
"å¯‡ç´¹æ¶µç‰§å¸«: å‰µä¸–è¨˜ - æŒªäºçš„å¾Œè£” Update","https://www.youtube.com/watch?v=DRxiPr3SOJY","2.7è¬æ¬¡","Light of Morning Star Studio","item"
"200509 å‰µä¸–è¨˜ 32ç« 1~32ç¯€","https://www.youtube.com/watch?v=EIIEKLQwD8U","1.1è¬æ¬¡","æ·¡æ±Ÿæ•™æœƒ-åœ‹åº¦å½±éŸ³","item"
"[è½è–ç¶“å­¸è‹±èª]ä¸­è‹±è–ç¶“ å‰µä¸–ç´€ç¬¬ä¸‰åä¹ç«  ç´„ç‘Ÿèˆ‡æ³¢æä¹çš„å¦» Genesis 39","https://www.youtube.com/watch?v=ps3oAJQQkRc","41æ¬¡","[è½è–ç¶“å­¸è‹±èªListen to Bible]ä¸­è‹±è–ç¶“","item"
"200501 å‰µä¸–è¨˜ 25ç« 1~34ç¯€","https://www.youtube.com/watch?v=jIYpPSseAPU","1.1è¬æ¬¡","æ·¡æ±Ÿæ•™æœƒ-åœ‹åº¦å½±éŸ³","item"
"Tefillin [Day 48-49] åˆ›ä¸–çºª 1:21 å®£å¸ƒåœ£ç» 50æ¬¡ ç´¯è®¡ 5æ¬¡","https://www.youtube.com/watch?v=99AMHyqR_BM","137æ¬¡","ì„±ê²½ê´€í†µ 1189 í…Œí•„ë¦° : Bible Meditations","item"
"ç©ºä¸­è–ç¶“å­¸é™¢~å‰µä¸–è¨˜(4)-äºŒ:8~25","https://www.youtube.com/watch?v=nscPhFO8Bdk","1.5è¬æ¬¡","GOOD TV å¥½æ¶ˆæ¯é›»è¦–å°","item"
"CXCYã€ˆåœ£ç»è€ƒå¤ã€‰ä¼Šç”¸å›­","https://www.youtube.com/watch?v=DawL3IU17Wo","9795æ¬¡","CXCYèª å¿ƒå‘ˆç¾©","item"
"è¯èªèˆŠç´„è–ç¶“ å‰µä¸–ç´€ ç¬¬ 10 ç«  ç¾ä»£ä¸­æ–‡è­¯æœ¬2019ç‰ˆ","https://www.youtube.com/watch?v=d8vzPZRgq2M","16æ¬¡","è˜‡ä¿Šé›„","item"
"ã€Šåœ£ç»365ã€‹ç¬¬1å¤©ã€åˆ›ä¸–çºªã€‘ ç¬¬ä¸€ç« è‡³ç¬¬ä¸‰ç« ï¼šèµ·åˆç¥åˆ›é€ å¤©åœ°","https://www.youtube.com/watch?v=k_Y5_BOZp8o","1158æ¬¡","ç¥çš„è¯è¯­","item"
"å‰µä¸–ç´€20-21ç«   é™³ç™¾åŠ ç‰§å¸«-å…¨æœ¬è–ç¶“ç ”ç©¶","https://www.youtube.com/watch?v=NCb3c74skfw","19æ¬¡","Spring Chen","item"
"å‰µä¸–ç´€10-14ç«   é™³ç™¾åŠ ç‰§å¸«-å…¨æœ¬è–ç¶“ç ”ç©¶","https://www.youtube.com/watch?v=aMpw_W3BlOs","14æ¬¡","Spring Chen","item"
"å¤©ä¸»æ•™æ€é«˜è–ç¶“æœ—è®€ã€åŒæ­¥è®€æ³¨é‡‹ã€‘â€¢ å‰µä¸–ç´€ ç¬¬1-2ç«  â€¢ Genesis 1-2 â€¢ Chinese Catholic Bible With Scripture Notes","https://www.youtube.com/watch?v=4T0lbvMj9_A","75æ¬¡","å¤©è·¯ç‡•éŸ³","item"
"[è½è–ç¶“å­¸è‹±èª]ä¸­è‹±è–ç¶“ å‰µä¸–ç´€ç¬¬ä¸‰åä¸ƒç«  ç´„ç‘Ÿè¢«å…„å¼Ÿæ‰€è³£ Genesis 37","https://www.youtube.com/watch?v=l10I4n96YIE","34æ¬¡","[è½è–ç¶“å­¸è‹±èªListen to Bible]ä¸­è‹±è–ç¶“","item"
"å¤©ä¸»æ•™æ€é«˜è–ç¶“æœ—è®€ã€åŒæ­¥è®€æ³¨é‡‹ã€‘â€¢ å‰µä¸–ç´€ ç¬¬32-33ç«  â€¢ Genesis 32-33 â€¢ Chinese Catholic Bible With Scripture Notes","https://www.youtube.com/watch?v=o2zXCbxOdww","28æ¬¡","å¤©è·¯ç‡•éŸ³","item"
"åœ£ç»å¸Œä¼¯æ¥è¯­é«˜çº§ç¬¬ä¸‰è¯¾åˆ›ä¸–çºª1:7~10","https://www.youtube.com/watch?v=ilvZJ0dG5kk","342æ¬¡","Bright Ho","item"
"1/2020 ä¸€ä»£è–ç¶“å¤§å¸«å¤§è¡›é®‘æ£®çš„15ä¸ªäº‹å¯¦ l  è£å‚™ç”Ÿå‘½","https://www.youtube.com/watch?v=MF6AIWtp7Gg","1.1è¬æ¬¡","è£…å¤‡ç”Ÿå‘½","item"
"CXCYã€ˆè–ç¶“è€ƒå¤ã€‰æœ«ä¸–","https://www.youtube.com/watch?v=wSS9qe3CtAM","12è¬æ¬¡","CXCYèª å¿ƒå‘ˆç¾©","item"
"æ€é«˜è–ç¶“æœ—è®€ã€ç¹ç°¡é«”å­—å¹•ã€‘â€¢ å‰µä¸–ç´€ç¬¬3-4ç«  â€¢ Genesis 3-4 â€¢ Chinese Catholic Bible With Text","https://www.youtube.com/watch?v=QpJA9koRqIQ","24æ¬¡","å¤©è·¯ç‡•éŸ³","item"
"ä¸€æ—¥ä¸€ç« è–ç¶“-gn48 #genesis #å‰µä¸–ç´€ #å‰µä¸–è¨˜ #å»£æ±è©±å¤©ä¸»æ•™ä¸­æ–‡è–ç¶“ #cantonesebible #audiobible #éˆä¿®ç”Ÿæ´»æ´»æ°´æ³‰è€¶ç©ŒåŸºç£","https://www.youtube.com/watch?v=x8NXJLP5KZ8","79æ¬¡","law stanley","item"
"å¤©ä¸»æ•™æ€é«˜è–ç¶“æœ—è®€ã€åŒæ­¥è®€æ³¨é‡‹ã€‘â€¢ å‰µä¸–ç´€ ç¬¬34ç«  â€¢ Genesis 34 â€¢ Chinese Catholic Bible With Scripture Notes","https://www.youtube.com/watch?v=DDONldye6QI","14æ¬¡","å¤©è·¯ç‡•éŸ³","item"
"åˆ›ä¸–çºª ç¬¬å››ç«  # åœ£ç»é˜…è¯» # å¬åœ£ç» # æ—§çº¦åœ£ç» # æ¯æ—¥è¯»ç»","https://www.youtube.com/watch?v=FqNaMRAiyfk","27æ¬¡","Meiha Christian Chanel æ¯å“ˆ ë§¤í•˜","item"
"ä»€ä¹ˆç‰ˆæœ¬çš„åœ£ç»é€‚åˆä½ å­¦è‹±è¯­ï¼ŸğŸ™The Bible For ESL","https://www.youtube.com/watch?v=El80D1rFHFk","1285æ¬¡","Estherâ€™s Media æ–‡æ˜è‹±è¯­","item"
"#19-2ã€æœ‰è²è–ç¶“ã€‘è©©ç¯‡(51-100)ï¼šä¸­æ–‡å’Œåˆæœ¬è–ç¶“100é€±å¹´ç´€å¿µ(1919-2019)","https://www.youtube.com/watch?v=ZfmXriNPOaw","4.3è¬æ¬¡","David Yené–»å¤§è¡›","item"
"è–ç¶“å‰µä¸–ç´€ç¬¬ä¸€ç« ï¼Œéˆç³§é£Ÿå ‚","https://www.youtube.com/watch?v=UtkIG-20kVY","1017æ¬¡","éˆç³§é£Ÿå ‚","item"
"å‰µä¸–ç´€3-4ç«   é™³ç™¾åŠ ç‰§å¸«-å…¨æœ¬è–ç¶“ç ”ç©¶","https://www.youtube.com/watch?v=BXKaFAoLfoM","17æ¬¡","Spring Chen","item"
"å‰µä¸–ç´€23ç«  I äºä¼¯æ‹‰ç½•åŸ‹è‘¬å¦»å­æ’’æ‹‰ I èˆŠç´„è–ç¶“ I è®€ç¶“ç­†è¨˜ Cindy's Bible Diary","https://www.youtube.com/watch?v=BupSavKzLFw","246æ¬¡","è®€ç¶“ç­†è¨˜ Cindy's Bible Diary","item"
"ã€ç­”ç¾©å•å¯†ã€‘ ä¸‰æ˜¥ä¹‹é—¨ï¼Œåœ£ç»åˆ›ä¸–çºªçš„ç§˜å¯†ï¼","https://www.youtube.com/watch?v=185GsY939yU","112æ¬¡","ACMç›Ÿå‚³åª’","item"
"å‰µä¸–ç´€38ç«  I çŒ¶å¤§å’Œå¥¹ç‘ª I èˆŠç´„è–ç¶“ I è®€ç¶“ç­†è¨˜ Cindy's Bible Diary","https://www.youtube.com/watch?v=FDXVMEyWj1A","273æ¬¡","è®€ç¶“ç­†è¨˜ Cindy's Bible Diary","item"
"ä¸€æ—¥ä¸€ç« è–ç¶“-gn01 #genesis #å‰µä¸–ç´€ #å‰µä¸–è¨˜ #å»£æ±è©±å¤©ä¸»æ•™ä¸­æ–‡è–ç¶“ #cantonesebible #audiobible #éˆä¿®ç”Ÿæ´»æ´»æ°´æ³‰è€¶ç©ŒåŸºç£","https://www.youtube.com/watch?v=nAECXHDlhFM","731æ¬¡","law stanley","item"
"æ€é«˜è–ç¶“æœ—è®€ã€ç¹ç°¡é«”å­—å¹•ã€‘â€¢ å‰µä¸–ç´€ç¬¬12-14ç«  â€¢ Genesis 12-14 â€¢ Chinese Catholic Bible With Text","https://www.youtube.com/watch?v=NJxB8ky2lQ8","13æ¬¡","å¤©è·¯ç‡•éŸ³","item"
"ä¸€æ—¥ä¸€ç« è–ç¶“-gn43 #genesis #å‰µä¸–ç´€ #å‰µä¸–è¨˜ #å»£æ±è©±å¤©ä¸»æ•™ä¸­æ–‡è–ç¶“ #cantonesebible #audiobible #éˆä¿®ç”Ÿæ´»æ´»æ°´æ³‰è€¶ç©ŒåŸºç£","https://www.youtube.com/watch?v=hmOws2m2bIk","71æ¬¡","law stanley","item"
"CXCYã€ˆè–ç¶“è€ƒå¤ã€‰å‰µä¸–çˆ­è­°ï¼å‰µé€ èˆ‡é€²åŒ–","https://www.youtube.com/watch?v=6bp4pZIBylI","2.9è¬æ¬¡","CXCYèª å¿ƒå‘ˆç¾©","item"
"æ€é«˜è–ç¶“æœ—è®€ã€ç¹ç°¡é«”å­—å¹•ã€‘â€¢ å‰µä¸–ç´€ç¬¬15-17ç«  â€¢ Genesis 15-17 â€¢ Chinese Catholic Bible With Text","https://www.youtube.com/watch?v=NP9vINAqTew","13æ¬¡","å¤©è·¯ç‡•éŸ³","item"
"å‰µä¸–ç´€22-24ç«    é™³ç™¾åŠ ç‰§å¸«-å…¨æœ¬è–ç¶“ç ”ç©¶","https://www.youtube.com/watch?v=rklEsriyUuM","16æ¬¡","Spring Chen","item"
"ä¸€æ—¥ä¸€ç« è–ç¶“-gn39 #genesis #å‰µä¸–ç´€ #å‰µä¸–è¨˜ #å»£æ±è©±å¤©ä¸»æ•™ä¸­æ–‡è–ç¶“ #cantonesebible #audiobible #éˆä¿®ç”Ÿæ´»æ´»æ°´æ³‰è€¶ç©ŒåŸºç£","https://www.youtube.com/watch?v=NYTSI9X4NH8","35æ¬¡","law stanley","item"
"é™ªä½ ä¸€èµ·è¯»åœ£ç» æ¸…æ™¨è¯»ç»ç¥·å‘Š åˆ›ä¸–çºªç¬¬ä¸€ç« ","https://www.youtube.com/watch?v=iGNqU4egUYs","232æ¬¡","Y J","item"
"ã€Šåˆ›ä¸–çºªã€‹åœ£ç»è®²åº§ ç¬¬äºŒè®²ï¼ˆä¸Šï¼‰äººçš„æ¥æº","https://www.youtube.com/watch?v=en-D4jaRkkA","678æ¬¡","æ–°äºº NEWMAN","item"
"å¤§è¡›é®‘æ£®èˆŠç´„ç¸±è¦½ - å‰µä¸–è¨˜(ä¸‰) ç”Ÿç‰©èˆ‡é€²åŒ–","https://www.youtube.com/watch?v=Cn9Bdd8NBJU","15è¬æ¬¡","å¤§è¡›é®‘æ£®åœ‹éš›ä¸­æ–‡é »é“","item"
"æ—ç†¹è‹±æ–‡ Lindseyï½œèˆŠç´„è–ç¶“å¸¸è¦‹çš„è‹±æ–‡æ…£ç”¨èª","https://www.youtube.com/watch?v=Y-qbQujnZYU","6877æ¬¡","æ—ç†¹è‹±æ–‡","item"
"ä¸€æ—¥ä¸€ç« è–ç¶“-gn38 #genesis #å‰µä¸–ç´€ #å‰µä¸–è¨˜ #å»£æ±è©±å¤©ä¸»æ•™ä¸­æ–‡è–ç¶“ #cantonesebible #audiobible #éˆä¿®ç”Ÿæ´»æ´»æ°´æ³‰è€¶ç©ŒåŸºç£","https://www.youtube.com/watch?v=qMlzbxtB9Qg","74æ¬¡","law stanley","item"
"01-å‰µä¸–è¨˜ã€Šé™ªä½ è®€è–ç¶“ã€‹","https://www.youtube.com/watch?v=xKRtayRyvUE&list=PLFZQax_1Kmu3m97SG_7HdOghMU9_WzX82","","JAMæ„›çš„å½±éŸ¿åŠ›","plist"
"ç©ºä¸­è–ç¶“å­¸é™¢~å‰µä¸–è¨˜","https://www.youtube.com/watch?v=Ry2_USuVpBw&list=PL6C8D1ED573A7C5EC","","GOOD TV å¥½æ¶ˆæ¯é›»è¦–å°","plist"
"è–ç¶“ç°¡å ±ç«™ï¼šå‰µä¸–è¨˜(é€²éšç‰ˆ)","https://www.youtube.com/watch?v=odp1P94jy4A&list=PLwGCj3JyiJoQWWX1wJXklsowgILRT0pT_","","BiblePoint .net","plist"
"è–ç¶“ - èˆŠç´„ - å‰µä¸–ç´€ï¼ˆç²µèªï¼‰","https://www.youtube.com/watch?v=jzSBg1dEL2I&list=PLTAZ9X8iyETcUdGS7dcqDex6nBmRHpnxd","","æˆ‘æ„›è½ä¸»é“ - ç²µèªç‰ˆ","plist"
"å‰µä¸–è¨˜(ç²µèªæœ‰è²è–ç¶“)","https://www.youtube.com/watch?v=aIDmlvSu8iM&list=PL72EDA08E6AB1CA8F","","TheSmartchoyce","plist"
"ç©ºä¸­è–ç¶“å­¸é™¢_å‰µä¸–ç´€_é‡‘äº¬ä¾†åšå£«","https://www.youtube.com/watch?v=Ry2_USuVpBw&list=PLsNJO0nl_IhRHS-AzQpxOLWSYMcfuPMKs","","Perton Chang","plist"
"ã€èˆŠç´„è–ç¶“ã€‘å‰µä¸–ç´€ (ç¨‹è’™æ©é•·è€)","https://www.youtube.com/watch?v=4HtGiIc6f9M&list=PLduQWS5M12A3JnfPR8CcLGf1NYeX5E4az","","è¬é–”å ¯","plist"
"æœ‰è²è–ç¶“ï¼ˆå‰µä¸–ç´€ï¼‰","https://www.youtube.com/watch?v=1ggqlw31FdE&list=PLhwjilByMiLG9EE49Qx-nT2V03Gh_3RhK","","é™³ç§‘ç¶­","plist"